id,current_qa_status,triage_category,triage_reason,title,source,qualification,journey,persona,expected,last_report,evidence,bug_ids,charters,disposition,new_evidence,notes
APP-agent-cli-app-verbs,blocked-verify,separate_prerequisite_or_review,platform_or_packaged_artifact,Drive the desktop surface end-to-end through compozy app,docs/qa/scenarios/APP-agent-cli-app-verbs.md,Document-based feasibility estimate; not an executed verdict; Codex Luna xhigh ACP canary still required,J-desktop-agent-headless,Ada,"The full lifecycle — status before install, open or focus, retry, schema-v2 transitional state, navigation, `compozy update` handoff, redacted diagnostics, consent-gated bundle export, and stopped state — is deterministic structured output with named errors.",docs/qa/reports/2026-08-27-pr-494-desktop-liveness.md,docs/qa/reports/2026-08-27-pr-494-desktop-liveness.md,BUG-20260810-app-control-timeout; BUG-20260810-healthy-retry-corrupts-state,CH-desktop-agent-headless-cli;CH-electron-update-headless-authority,pending,,Not executed in this round.
APP-app-auto-update,blocked-decision,separate_prerequisite_or_review,release_channel,Apply an app update through the product update surface,docs/qa/scenarios/APP-app-auto-update.md,Document-based feasibility estimate; not an executed verdict; Codex Luna xhigh ACP canary still required,J-desktop-update-moment,Bruno,"With a newer verified release, the daemon reports the app track in Settings and the menubar points there; an accepted durable operation downloads and verifies the asset, then a running app enters installer handoff only with consent while a closed app stages for next launch. The boot window reports progress but never offers an update.",docs/qa/reports/2026-08-17-electron-shell.md,docs/qa/reports/2026-08-17-electron-shell.md,BUG-20260817-macos-channel-manifest-includes-dmg; BUG-20260817-linux-channel-manifest-includes-deb,CH-desktop-update-rehearsal-macos;CH-electron-beta-update-linux;CH-electron-beta-update-macos;CH-desktop-update-rehearsal-linux,pending,,Not executed in this round.
APP-appimage-fuseless-launch,blocked-verify,separate_prerequisite_or_review,platform_or_packaged_artifact,Launch the Linux AppImage on a host without libfuse2,docs/qa/scenarios/APP-appimage-fuseless-launch.md,Document-based feasibility estimate; not an executed verdict; Codex Luna xhigh ACP canary still required,J-desktop-first-run,Lea,"The released x64 AppImage launches on a distribution that ships only FUSE 3 and has no libfuse2 package installed, mounting and opening the app without `--appimage-extract-and-run`; the artifact keeps its AppImage type 2 magic so the desktop still resolves `application/vnd.appimage`, and the electron-updater feed keeps its block map and `latest-linux.yml`.",docs/qa/reports/2026-09-03-appimage-static-runtime.md,docs/qa/reports/2026-09-03-appimage-static-runtime.md,,,blocked-external-runtime,docs/qa/evidence/2026-09-10-qa-execution-unblock/platform-prerequisites.json,"Current assigned lab is Darwin arm64/macOS26.6.2. Exact released linux-x64 AppImage must run on an isolated graphical Linux host with FUSE3 and no libfuse.so.2, without extraction fallback, with retained clean teardown. The September3 locally built artifact and September4 review do not satisfy that contract."
APP-install-first-run-provision,blocked-verify,separate_prerequisite_or_review,platform_or_packaged_artifact,Install CompozyOS and reach the product with no prior setup,docs/qa/scenarios/APP-install-first-run-provision.md,Document-based feasibility estimate; not an executed verdict; Codex Luna xhigh ACP canary still required,J-desktop-first-run,Lea,"A machine with no runtime goes installer → guided offline provisioning with visible verify, install, and start phases for the bundled lockstep runtime → full product UI; relaunch lands directly in the product with exactly one daemon and `compozy status` healthy. A startup failure keeps the non-interactive boot window available for redacted diagnostics, local copy, and explicit local export.",docs/qa/reports/2026-09-03-appimage-static-runtime.md,docs/qa/reports/2026-08-17-electron-shell.md; docs/qa/reports/2026-09-03-appimage-static-runtime.md,BUG-20260810-desktop-dev-shell-crashes; BUG-20260810-desktop-runtime-stalls; BUG-20260810-initial-boot-window-absent; BUG-20260810-boot-controls-unavailable; BUG-20260817-desktop-release-channel-provenance; BUG-20260817-signed-macos-x64-digest-drift; BUG-20260817-desktop-smoke-local-isolation,CH-electron-offline-first-run-linux;CH-desktop-first-run-macos;CH-desktop-first-run-linux;CH-electron-offline-first-run-macos,pending,,Not executed in this round.
APP-native-window-controls,blocked-verify,separate_prerequisite_or_review,platform_or_packaged_artifact,Operate the desktop window from native controls in the menubar,docs/qa/scenarios/APP-native-window-controls.md,Document-based feasibility estimate; not an executed verdict; Codex Luna xhigh ACP canary still required,J-desktop-attach-daily,Dora,"The packaged product window shows operating-system window controls within the 44px Compozy menubar without covering product controls; macOS keeps native traffic lights before the Compozy mark, Linux follows the desktop environment's native side and button set, and the browser renders the unchanged menubar without desktop controls.",docs/qa/reports/2026-08-17-native-window-chrome.md,/Users/pedronauck/dev/qa-labs/compozy-native-window-chrome-20260817-190228-135313-lab/qa-artifacts/qa; docs/qa/reports/2026-08-17-native-window-chrome.md,,CH-native-window-chrome-linux;CH-native-window-chrome-macos,pending,,Not executed in this round.
APP-quit-contract,blocked-verify,separate_prerequisite_or_review,platform_or_packaged_artifact,Quitting the app never stops my runtime or agent work,docs/qa/scenarios/APP-quit-contract.md,Document-based feasibility estimate; not an executed verdict; Codex Luna xhigh ACP canary still required,J-desktop-attach-daily,Dora,"With agents/sessions working, closing the window ends only the app — the runtime and all in-flight work continue and are verifiable via `compozy status`; the same holds for runtimes the app itself started or provisioned, and after a force-kill the next launch attaches normally.",docs/qa/reports/2026-08-17-native-window-chrome.md,docs/qa/reports/2026-08-17-electron-shell.md; /Users/pedronauck/dev/qa-labs/compozy-native-window-chrome-20260817-190228-135313-lab/qa-artifacts/qa; docs/qa/reports/2026-08-17-native-window-chrome.md,BUG-20260810-desktop-runtime-stalls,CH-desktop-attach-quit-linux;CH-native-window-chrome-linux;CH-electron-shell-safety-linux;CH-electron-shell-safety-macos;CH-native-window-chrome-macos;CH-desktop-attach-quit-macos,pending,,Not executed in this round.
APP-runtime-update-app-owned,blocked-decision,separate_prerequisite_or_review,release_channel,An app-provisioned runtime updates as one product update with timing consent,docs/qa/scenarios/APP-runtime-update-app-owned.md,Document-based feasibility estimate; not an executed verdict; Codex Luna xhigh ACP canary still required,J-desktop-update-moment,Bruno,"On an app-provisioned home with agent work in flight, a ready runtime update asks for timing consent — ""later"" keeps everything working; ""now"" quiesces, stops, applies, restarts, reconnects — and both new versions appear in one update surface.",docs/qa/reports/2026-08-17-electron-shell.md,docs/qa/reports/2026-08-17-electron-shell.md,,CH-desktop-update-rehearsal-macos;CH-electron-beta-update-linux;CH-electron-beta-update-macos;CH-desktop-update-rehearsal-linux,pending,,Not executed in this round.
APP-single-command-multi-target-update,blocked-decision,separate_prerequisite_or_review,release_channel,Update runtime and app through one command,docs/qa/scenarios/APP-single-command-multi-target-update.md,Document-based feasibility estimate; not an executed verdict; Codex Luna xhigh ACP canary still required,J-desktop-agent-headless,Ada,"One `compozy update -o json` operation applies the runtime first, then updates a running app or stages a closed app, and reports both targets from the same verified release.",docs/qa/reports/2026-08-17-electron-shell.md,docs/qa/reports/2026-08-17-electron-shell.md,,CH-electron-update-headless-authority,pending,,Not executed in this round.
APP-terminal-desktop-fidelity,blocked-verify,separate_prerequisite_or_review,platform_or_packaged_artifact,Preserve terminal input and rendering in the packaged desktop,docs/qa/scenarios/APP-terminal-desktop-fidelity.md,Document-based feasibility estimate; not an executed verdict; Codex Luna xhigh ACP canary still required,J-use-terminal-desktop,Marina,"The packaged desktop admits only its same-origin terminal socket and preserves native clipboard, accelerator resolution, zoom refit, CJK input, alternate-screen rendering, resize reflow, watcher equality, and primary-screen restoration.",docs/qa/reports/2026-08-26-integrated-terminal.md,docs/qa/reports/2026-08-26-integrated-terminal.md,,CH-terminal-desktop-fidelity,pending,,Not executed in this round.
APP-window-geometry-recovery,blocked-verify,separate_prerequisite_or_review,platform_or_packaged_artifact,Restore usable window geometry across relaunch and display changes,docs/qa/scenarios/APP-window-geometry-recovery.md,Document-based feasibility estimate; not an executed verdict; Codex Luna xhigh ACP canary still required,J-desktop-attach-daily,Dora,The main window restores its last usable normal bounds and maximized state after relaunch; saved bounds from a disconnected display recover fully inside a connected display without changing daemon ownership or app state.,docs/qa/reports/2026-08-17-native-window-chrome.md,docs/qa/reports/2026-08-17-electron-shell.md; /Users/pedronauck/dev/qa-labs/compozy-native-window-chrome-20260817-190228-135313-lab/qa-artifacts/qa; docs/qa/reports/2026-08-17-native-window-chrome.md,,CH-native-window-chrome-linux;CH-electron-shell-safety-linux;CH-electron-shell-safety-macos;CH-native-window-chrome-macos,pending,,Not executed in this round.
ET-001,blocked-verify,standard_local_execution_candidate,no_separate_external_prerequisite_identified,Skills list (scoped),docs/qa/scenarios/ET-001.md,Document-based feasibility estimate; not an executed verdict; Codex Luna xhigh ACP canary still required,J-agent-marketplace-parity,Bruno,`GET /api/skills` returns `{skills:[...]}`; `?workspace=` projects workspace scope; `?for_agent=` projects agent scope (empty `for_agent` → 400). 503 when registry unconfigured.,docs/qa/reports/2026-07-28-untested-full.md,"internal/api/core/skills.go:18-42,415-459; web/src/routes/_app/skills.tsx:106-136; qa/evidence/batch-013-skills-core/et001-et006.json; qa/evidence/batch-013-skills-core/et001-et006-summary.json; /Users/pedronauck/dev/qa-labs/compozy-northstar-pay-20260729-021949-664736-lab/qa-artifacts/qa/evidence/011-skill-scope-content; /Users/pedronauck/dev/qa-labs/compozy-northstar-pay-20260729-021949-664736-lab/qa-artifacts/qa/evidence/014-skills-browser;/Users/pedronauck/dev/qa-labs/compozy-qa-et-current-source-20260730-061655-910372-lab/qa-artifacts/qa",BUG-20260729-skill-workspace-error-mapping,CH-untested-valid-017-agent-marketplace-parity-bruno;CH-runnable-capabilities-truth,pending,,Not executed in this round.
ET-012,blocked-verify,standard_local_execution_candidate,no_separate_external_prerequisite_identified,Skill settings: disabled-skill tombstones,docs/qa/scenarios/ET-012.md,Document-based feasibility estimate; not an executed verdict; Codex Luna xhigh ACP canary still required,J-agent-marketplace-parity,Bruno,`GET/PATCH /api/settings/skills`; disabled list applies immediately (no restart); agent scope scopes to one agent + optional workspace context.,docs/qa/reports/2026-07-28-untested-full.md,"`internal/api/core/settings.go:81-93`; `settings/skills.tsx:143-175,319-411`; qa/evidence/batch-015-skills-settings/et012-et013.json; qa/evidence/batch-015-skills-settings/et012-et013-summary.json; /Users/pedronauck/dev/qa-labs/compozy-northstar-pay-20260729-021949-664736-lab/qa-artifacts/qa/evidence/014-skills-browser;/Users/pedronauck/dev/qa-labs/compozy-qa-et-current-source-20260730-061655-910372-lab/qa-artifacts/qa",BUG-20260729-skill-agent-default-selection,CH-untested-047-agent-marketplace-parity-bruno,pending,,Not executed in this round.
ET-013,blocked-verify,standard_local_execution_candidate,no_separate_external_prerequisite_identified,Skill settings: registry policy,docs/qa/scenarios/ET-013.md,Document-based feasibility estimate; not an executed verdict; Codex Luna xhigh ACP canary still required,J-extension-policy-admin,Vera,PATCH persists policy (restart required to apply for `enabled`/poll); allowlists `allowed_marketplace_mcp` / `allowed_marketplace_hooks`.,docs/qa/reports/2026-07-28-untested-full.md,`settings/skills.tsx:441-578`; qa/evidence/batch-015-skills-settings/et012-et013.json; qa/evidence/batch-015-skills-settings/et012-et013-summary.json; /Users/pedronauck/dev/qa-labs/compozy-northstar-pay-20260729-021949-664736-lab/qa-artifacts/qa/evidence/015-skill-policy-update-remove;/Users/pedronauck/dev/qa-labs/compozy-qa-et-current-source-20260730-061655-910372-lab/qa-artifacts/qa,BUG-20260729-skill-policy-normalized-dirty,CH-untested-060-extension-policy-admin-vera,pending,,Not executed in this round.
ET-016,blocked-verify,standard_local_execution_candidate,no_separate_external_prerequisite_identified,Extension marketplace search,docs/qa/scenarios/ET-016.md,Document-based feasibility estimate; not an executed verdict; Codex Luna xhigh ACP canary still required,J-agent-marketplace-parity,Ada,"Extension search returns curated and GitHub rows with truthful installed/update state, stable pagination, and explicit non-blocking source degradation; invalid limits return 400.",docs/qa/reports/2026-07-28-untested-full.md,"`extensions.go:68-90,328-339`; `hooks-extensions.tsx:744-869`; qa/evidence/batch-017-extensions-local-marketplace/et015-et023.json; qa/evidence/batch-017-extensions-local-marketplace/et015-et023-summary.json; qa/issues/BUG-008.md; /Users/pedronauck/dev/qa-labs/compozy-marketplace-task11-final-20260715-20260716-011529-818379-lab/qa-artifacts/qa/notes/marketplace-agent-parity-final.json; /Users/pedronauck/dev/qa-labs/compozy-northstar-pay-20260729-021949-664736-lab/qa-artifacts/qa/evidence/016-extensions-lifecycle; /Users/pedronauck/dev/qa-labs/compozy-marketplace-unavailable-20260729-20260729-055928-922274-lab/qa-artifacts/qa/evidence/001-marketplace-unavailable;/Users/pedronauck/dev/qa-labs/compozy-qa-et-current-source-20260730-061655-910372-lab/qa-artifacts/qa",BUG-0008,CH-agent-marketplace-parity,pending,,Not executed in this round.
ET-017,blocked-verify,standard_local_execution_candidate,no_separate_external_prerequisite_identified,Install an extension from the source union,docs/qa/scenarios/ET-017.md,Document-based feasibility estimate; not an executed verdict; Codex Luna xhigh ACP canary still required,J-extension-distribution,Ada,"`POST /api/extensions` accepts exactly one generated `{source,ref,version?,asset?,allow_unverified?}` variant for curated, GitHub, git, or local_path; source grammar, integrity, and consent failures write nothing, while success records truthful source provenance.",docs/qa/reports/2026-07-28-untested-full.md,"`extensions.go:93-128,214-240`; qa/evidence/batch-017-extensions-local-marketplace/et015-et023.json; qa/evidence/batch-017-extensions-local-marketplace/et015-et023-summary.json; /Users/pedronauck/dev/qa-labs/compozy-northstar-pay-20260729-021949-664736-lab/qa-artifacts/qa/evidence/016-extensions-lifecycle;/Users/pedronauck/dev/qa-labs/compozy-qa-et-current-source-20260730-061655-910372-lab/qa-artifacts/qa",,CH-extension-distribution-integrity;CH-extension-policy-admin-gates;CH-untested-valid-020-extension-policy-admin-ada,pending,,Not executed in this round.
ET-047,blocked-verify,separate_prerequisite_or_review,external_oauth,MCP OAuth/PKCE login/logout/status,docs/qa/scenarios/ET-047.md,Document-based feasibility estimate; not an executed verdict; Codex Luna xhigh ACP canary still required,J-mcp-authorize-repair,Ada,"Daemon-owned S256 PKCE returns a live authorization URL, completes through a single-use loopback callback or manual exchange, reports only redacted scoped status, and removes only the selected credential on logout.",docs/qa/reports/2026-07-30-mcp-2026-catalog-v2.md,qa/evidence/batch-022-mcp-native-parity/et046-et051-summary.json; qa/evidence/batch-022-mcp-native-parity/et046-et051.json; /Users/pedronauck/dev/qa-labs/compozy-marketplace-task11-final-20260715-20260716-011529-818379-lab/qa-artifacts/qa/notes/mcp-oauth-name-segment.json; /Users/pedronauck/dev/qa-labs/compozy-marketplace-task11-final-20260715-20260716-011529-818379-lab/qa-artifacts/qa/notes/mcp-manual-tty-redaction.json; /Users/pedronauck/dev/qa-labs/compozy-northstar-pay-20260729-021949-664736-lab/qa-artifacts/qa/evidence/023-mcp-catalog-install,BUG-20260715-mcp-oauth-name-segment; BUG-20260715-mcp-manual-tty-echo,CH-remote-operator-manual-auth;CH-untested-valid-021-mcp-authorize-repair-ada,pending,,Not executed in this round.
ET-050,blocked-verify,standard_local_execution_candidate,no_separate_external_prerequisite_identified,Set extension trust root,docs/qa/scenarios/ET-050.md,Document-based feasibility estimate; not an executed verdict; Codex Luna xhigh ACP canary still required,J-extension-policy-admin,Vera,`compozy__extensions_trust_root_set` updates trust-root config affecting subsequent install verification.,docs/qa/reports/2026-07-28-untested-full.md,qa/evidence/batch-022-mcp-native-parity/et046-et051-summary.json; qa/evidence/batch-022-mcp-native-parity/et046-et051.json;/Users/pedronauck/dev/qa-labs/compozy-qa-et-current-source-20260730-061655-910372-lab/qa-artifacts/qa,,CH-untested-060-extension-policy-admin-vera,pending,,Not executed in this round.
ET-051,blocked-verify,standard_local_execution_candidate,no_separate_external_prerequisite_identified,Transport-parity 403 fallback (off-loopback),docs/qa/scenarios/ET-051.md,Document-based feasibility estimate; not an executed verdict; Codex Luna xhigh ACP canary still required,,Vera,Web renders a warning banner; mutating ops return HTTP 403 while remaining available over UDS/CLI.,,qa/evidence/batch-022-mcp-native-parity/et046-et051-summary.json; qa/bootstrap-manifest.json,,,pending,,Not executed in this round.
ET-053,blocked-verify,standard_local_execution_candidate,no_separate_external_prerequisite_identified,Follow model catalog guidance across docs and bundled skill,docs/qa/scenarios/ET-053.md,Document-based feasibility estimate; not an executed verdict; Codex Luna xhigh ACP canary still required,J-20,Ada,"Published model-catalog, provider, and config guidance plus bundled `skills/compozy/` describe curated/all views, curation, reasoning, independent five-rate pricing with no bucket fallback, and deterministic errors; following them reaches the real structured surfaces without undocumented repair steps.",docs/qa/reports/2026-07-29-site-improvs-deep-review.md,/Users/pedronauck/dev/qa-labs/compozy-model-selector-20260710-194713-914643-lab/qa-artifacts/qa/model-selector-evidence.md;docs/qa/reports/2026-07-10-model-selector.md,,CH-model-catalog-guidance-parity;CH-truthful-cost-provenance;CH-031,pending,,Not executed in this round.
ET-agent-plugin-marketplace-install,blocked-verify,standard_local_execution_candidate,no_separate_external_prerequisite_identified,Install an Agent Plugins catalog entry from Marketplace,docs/qa/scenarios/ET-agent-plugin-marketplace-install.md,Document-based feasibility estimate; not an executed verdict; Codex Luna xhigh ACP canary still required,J-marketplace-acquisition,Bruno,"A catalog entry marked `format: agent-plugin` shows a neutral Agent Plugin badge on the card and detail view, follows the normal trust and install flow, lands on extension management with format and skipped diagnostics visible, and still relies on acquired-package detection when catalog metadata is absent or stale.",docs/qa/reports/2026-08-16-agent-plugins.md,docs/qa/reports/2026-08-16-agent-plugins.md#marketplace-and-browser; /Users/pedronauck/.config/browser-harness/agent-workspace/recordings/agent-plugin-marketplace; /Users/pedronauck/dev/qa-labs/compozy-agent-plugins-20260816-20260816-061032-351590-lab/qa-artifacts/browser-screenshots/installed-agent-plugin.png; /Users/pedronauck/dev/qa-labs/compozy-agent-plugins-20260816-20260816-061032-351590-lab/qa-artifacts/browser-screenshots/agent-plugin-inventory.png,,CH-agent-plugin-marketplace,pending,,Not executed in this round.
ET-api-mcp-oauth-endpoints,blocked-verify,separate_prerequisite_or_review,external_oauth,Manage scoped MCP OAuth through daemon API routes,docs/qa/scenarios/ET-api-mcp-oauth-endpoints.md,Document-based feasibility estimate; not an executed verdict; Codex Luna xhigh ACP canary still required,J-mcp-authorize-repair,Ada,"HTTP and UDS begin/exchange/logout return equivalent redacted contracts for an explicit global or workspace target; begin requires `mode=automatic|manual`, resolves pre-registration then CIMD then one DCR fallback, and manual accepts only a full redirect URL for a fresh PKCE session. The lifecycle binds target/resource/issuer/redirect/scopes/fingerprint, validates state and RFC 9207 issuer, burns every exchange attempt, and preserves any prior token on failure. HTTP mutations require loopback privilege; the HTTP-only callback completes on loopback while refusing non-loopback binds; replacing or deleting a server invalidates pending target/callback completion and never sends its bearer to the replacement endpoint.",docs/qa/reports/2026-07-30-mcp-2026-catalog-v2.md,/Users/pedronauck/dev/qa-labs/compozy-mcp-2026-catalog-v2-final-rerun-20260730-204949-514647-lab/qa-artifacts/qa/notes/cli-mcp-install-linear.json; /Users/pedronauck/dev/qa-labs/compozy-mcp-2026-catalog-v2-final-rerun-20260730-204949-514647-lab/qa-artifacts/qa/notes/mcp-status-after-linear.json; /Users/pedronauck/dev/qa-labs/compozy-mcp-2026-catalog-v2-final-rerun-20260730-204949-514647-lab/qa-artifacts/qa/screenshots/mcp-guided-linear-installed.png,BUG-20260715-mcp-oauth-name-segment,CH-remote-operator-manual-auth;CH-untested-valid-021-mcp-authorize-repair-ada,pending,,Not executed in this round.
ET-cli-extension-sideload-policy-block,blocked-verify,standard_local_execution_candidate,no_separate_external_prerequisite_identified,Block unverified extension side-loads through structured CLI output,docs/qa/scenarios/ET-cli-extension-sideload-policy-block.md,Document-based feasibility estimate; not an executed verdict; Codex Luna xhigh ACP canary still required,J-extension-policy-admin,Ada,"With `extensions.trust.allow_unverified=false`, local side-loads fail before mutation and both human and JSON output carry the stable Settings › Extensions remediation and config command; enabling policy still requires request consent.",docs/qa/reports/2026-07-28-untested-full.md,/Users/pedronauck/dev/qa-labs/compozy-marketplace-task11-final-20260715-20260716-011529-818379-lab/qa-artifacts/qa/notes/extension-cli-slow-boot-reachability.json; docs/qa/reports/2026-07-15-marketplace.md;/Users/pedronauck/dev/qa-labs/compozy-qa-et-current-source-20260730-061655-910372-lab/qa-artifacts/qa,BUG-20260715-extension-cli-slow-boot-offline,CH-extension-policy-admin-gates,pending,,Not executed in this round.
ET-cli-mcp-authorize,blocked-verify,separate_prerequisite_or_review,external_oauth,Authorize a remote MCP server through the daemon,docs/qa/scenarios/ET-cli-mcp-authorize.md,Document-based feasibility estimate; not an executed verdict; Codex Luna xhigh ACP canary still required,J-mcp-authorize-repair,Ada,"`compozy mcp auth login <name>` prints a live copyable URL, waits for a credential change, and exits successfully only when redacted status is `authenticated` with `token_present=true`; scope and workspace selectors target one exact server definition.",docs/qa/reports/2026-07-30-mcp-2026-catalog-v2.md,/Users/pedronauck/dev/qa-labs/compozy-marketplace-task11-final-20260715-20260716-011529-818379-lab/qa-artifacts/qa/notes/marketplace-agent-parity-final.json; /Users/pedronauck/dev/qa-labs/compozy-marketplace-task11-final-20260715-20260716-011529-818379-lab/qa-artifacts/qa/notes/mcp-oauth-name-segment.json; /Users/pedronauck/dev/qa-labs/compozy-northstar-pay-20260729-021949-664736-lab/qa-artifacts/qa/evidence/023-mcp-catalog-install,BUG-20260729-mcp-cli-json-parity,CH-mcp-authorize-repair-truth;CH-agent-marketplace-parity;CH-untested-valid-021-mcp-authorize-repair-ada,pending,,Not executed in this round.
ET-cli-tool-invoke-structural-handles,blocked-verify,standard_local_execution_candidate,no_separate_external_prerequisite_identified,Preserve public structural handles in generic CLI tool output,docs/qa/scenarios/ET-cli-tool-invoke-structural-handles.md,Document-based feasibility estimate; not an executed verdict; Codex Luna xhigh ACP canary still required,J-agent-marketplace-parity,Ada,"`compozy tool invoke <tool_id> -o json` preserves daemon-authored public IDs, digests, and continuation cursors while still redacting sensitive fields and secret-shaped free text.",docs/qa/reports/2026-07-28-untested-full.md,/Users/pedronauck/dev/qa-labs/compozy-qa-et-current-source-20260730-061655-910372-lab/qa-artifacts/qa,BUG-20260729-tool-invoke-structural-redaction,CH-cli-tool-structural-handles,pending,,Not executed in this round.
ET-compozy-extension-contract-identity,blocked-verify,standard_local_execution_candidate,no_separate_external_prerequisite_identified,"Load only Compozy extension, package, and OpenAPI identities",docs/qa/scenarios/ET-compozy-extension-contract-identity.md,Document-based feasibility estimate; not an executed verdict; Codex Luna xhigh ACP canary still required,J-validate-compozy-hard-cut,Ada,"Extension loaders and real manifests accept only min_compozy_version, workspace packages use @compozy/*, the sole generated contract is openapi/compozy.json plus web/src/generated/compozy-openapi.d.ts, and SDK/scaffolder/site readers resolve those canonical names without aliases or a second daemon contract.",docs/qa/reports/2026-07-28-untested-full.md,/Users/pedronauck/dev/qa-labs/compozy-compozy-migration-beta-20260727-135201-116083-lab/qa-artifacts/qa/gate-test-e2e-web-final-2.log; /Users/pedronauck/dev/qa-labs/compozy-compozy-migration-beta-20260727-135201-116083-lab/qa-artifacts/qa/api-status.headers;/Users/pedronauck/dev/qa-labs/compozy-qa-et-current-source-20260730-061655-910372-lab/qa-artifacts/qa,BUG-20260727-runtime-legacy-identity,CH-compozy-platform-hard-cut,pending,,Not executed in this round.
ET-connectivity-provider-trust,blocked-verify,separate_prerequisite_or_review,authorized_gateway,Govern a connectivity provider under extension trust rules,docs/qa/scenarios/ET-connectivity-provider-trust.md,Document-based feasibility estimate; not an executed verdict; Codex Luna xhigh ACP canary still required,J-extension-policy-admin,Vera,"A connectivity.provider manifest builds only with its declared gateway tier scopes, global source, and required service methods; enable and boot re-derive live source and digest, exact confirmation gates provider code, and updates, workspace sources, out-of-role claims, or a second provider fail closed without exposure.",docs/qa/reports/2026-08-07-remote-gateway.md,/Users/pedronauck/dev/qa-labs/compozy-remote-gateway-20260807-202655-957508-lab/qa-artifacts/qa/test-cases/12-private-provider-degraded-status.json;/Users/pedronauck/dev/qa-labs/compozy-remote-gateway-20260807-202655-957508-lab/qa-artifacts/qa/test-cases/33-provider-restart-rewalk.json;/Users/pedronauck/dev/qa-labs/compozy-remote-gateway-20260807-202655-957508-lab/qa-artifacts/qa/test-cases/41-extension-template-discovery.json,BUG-20260807-gateway-provider-cause;BUG-20260807-gateway-provider-boot;BUG-20260729-public-extension-sdks-unpublished,CH-gateway-provider-degradation,pending,,Not executed in this round.
ET-electron-session-copy-debug,blocked-verify,separate_prerequisite_or_review,platform_or_packaged_artifact,Copy Session text and open Electron diagnostics,docs/qa/scenarios/ET-electron-session-copy-debug.md,Document-based feasibility estimate; not an executed verdict; Codex Luna xhigh ACP canary still required,J-operate-desktop-shell,Bruno,"The packaged product window can copy the visible Session message through the OS clipboard because the exact daemon origin is allowed `clipboard-sanitized-write`; unrelated permission requests remain denied. `Ctrl+Opt+I` toggles DevTools for the product window, boot remains non-debuggable, and no remote-debugging endpoint is exposed.",docs/qa/reports/2026-08-25-eng-145-electron.md,docs/qa/reports/2026-08-25-eng-145-electron.md,,,pending,,Not executed in this round.
ET-ext-curated-digest-verify,blocked-verify,standard_local_execution_candidate,no_separate_external_prerequisite_identified,Verify a curated extension archive against the feed digest,docs/qa/scenarios/ET-ext-curated-digest-verify.md,Document-based feasibility estimate; not an executed verdict; Codex Luna xhigh ACP canary still required,J-extension-policy-admin,Ada,"A curated extension install downloads the feed's exact HTTPS artifact, hashes it before extraction, persists verified catalog/archive/tree provenance on a match, and hard-fails without install state on a mismatch even when unverified installs are allowed.",docs/qa/reports/2026-07-28-untested-full.md,/Users/pedronauck/dev/qa-labs/compozy-marketplace-task11-final-20260715-20260716-011529-818379-lab/qa-artifacts/qa/notes/extension-cli-slow-boot-reachability.json;/Users/pedronauck/dev/qa-labs/compozy-qa-et-current-source-20260730-061655-910372-lab/qa-artifacts/qa,BUG-20260715-extension-cli-slow-boot-offline,CH-extension-policy-admin-gates;CH-untested-valid-020-extension-policy-admin-ada,pending,,Not executed in this round.
ET-extension-agent-guided-authoring,blocked-verify,separate_prerequisite_or_review,published_sdk_recheck,Build a Compozy extension from the official skill without operator hand-holding,docs/qa/scenarios/ET-extension-agent-guided-authoring.md,Document-based feasibility estimate; not an executed verdict; Codex Luna xhigh ACP canary still required,J-extension-agent-authoring,Ada,"An agent session that activates the bundled `compozy` skill and reads `references/extension-authoring.md` completes scaffold, build, validate, dev, reload, logs, publish, search, provenance, install, invoke, update, and remove through native tools and structured output only, with no shell-out, hand-written manifest, invented permission/provide value, or credential in a tool transcript.",docs/qa/reports/2026-08-07-remote-gateway.md,/Users/pedronauck/dev/qa-labs/compozy-ext-improvs-final-20260729-230047-267985-lab/qa-artifacts/qa/extension-charters.json;/Users/pedronauck/dev/qa-labs/compozy-remote-gateway-20260807-202655-957508-lab/qa-artifacts/qa/test-cases/41-extension-template-discovery.json,BUG-20260729-public-extension-sdks-unpublished,CH-extension-agent-authoring,pending,,Not executed in this round.
ET-extension-agent-observer-resolution,blocked-verify,conditional_local_preparation,prepared_extension_layout_or_artifact,Observe a resource-defined agent after catalog changes,docs/qa/scenarios/ET-extension-agent-observer-resolution.md,Document-based feasibility estimate; not an executed verdict; Codex Luna xhigh ACP canary still required,J-extension-dev-lifecycle,Ada,"Global, workspace, and builtin agents resolve through the live resource catalog for provider authentication; changing the catalog invalidates observation authorization state; stopped-session events retain the persisted model, permission mode, and authentication owner without leaking another workspace.",docs/qa/reports/2026-08-20-pr-447-runtime-recovery.md,internal/observe/observer_test.go;internal/observe/observer_session_events_test.go;/Users/pedronauck/dev/qa-labs/compozy-pr-447-runtime-recovery-20260821-020432-748658-lab/qa-artifacts/qa/evidence/catalog-revision-observation.json;/Users/pedronauck/dev/qa-labs/compozy-pr-447-runtime-recovery-20260821-020432-748658-lab/qa-artifacts/qa/evidence/observe-isolation.json,,CH-extension-agent-observation,pending,,Not executed in this round.
ET-extension-code-first-authoring,blocked-verify,separate_prerequisite_or_review,published_sdk_recheck,Build a code-first extension from the embedded CLI templates,docs/qa/scenarios/ET-extension-code-first-authoring.md,Document-based feasibility estimate; not an executed verdict; Codex Luna xhigh ACP canary still required,J-extension-kit-lifecycle,Ada,"Running `compozy extension init hello -t tool-provider-go`, then build and validate with declared agents, automation, and layouts, produces one immutable generation whose copied resources and generated manifest match the SDK definition and validate with no issues.",docs/qa/reports/2026-08-07-remote-gateway.md,/Users/pedronauck/dev/qa-labs/compozy-ext-improvs-final-20260729-230047-267985-lab/qa-artifacts/qa/extension-charters.json;/Users/pedronauck/dev/qa-labs/compozy-devtool-oss-launch-20260802-195112-911343-lab/qa-artifacts/qa;/Users/pedronauck/dev/qa-labs/compozy-remote-gateway-20260807-202655-957508-lab/qa-artifacts/qa/test-cases/41-extension-template-discovery.json,BUG-20260802-scaffold-sdk-version;BUG-20260802-manifest-mcp-tool-handler;BUG-20260729-public-extension-sdks-unpublished;BUG-20260807-extension-template-help,CH-extension-dev-recovery;CH-extension-kit-lifecycle,pending,,Not executed in this round.
ET-extension-dx-scorecard,blocked-verify,separate_prerequisite_or_review,published_sdk_recheck,Re-grade the extension developer experience against the binding scorecard,docs/qa/scenarios/ET-extension-dx-scorecard.md,Document-based feasibility estimate; not an executed verdict; Codex Luna xhigh ACP canary still required,J-extension-newcomer-first-success,Lea,"A release-stamped newcomer path introduces at most ten concepts and reaches first success within four actions; own-source acquisition takes one command plus at most one consent; list, search, and Web reveal updates without a check command; the unchanged brief rubric re-grades SDK simplicity, completeness, and currency at A−/B/B or better.",docs/qa/reports/2026-08-07-remote-gateway.md,/Users/pedronauck/dev/qa-labs/compozy-ext-improvs-final-20260729-230047-267985-lab/qa-artifacts/qa/newcomer/quickstart.json;/Users/pedronauck/dev/qa-labs/compozy-remote-gateway-20260807-202655-957508-lab/qa-artifacts/qa/test-cases/41-extension-template-discovery.json,BUG-20260729-public-extension-sdks-unpublished,CH-extension-newcomer-first-success,pending,,Not executed in this round.
ET-extension-manifest-v2-surfaces,blocked-verify,separate_prerequisite_or_review,published_sdk_recheck,Generate and expose one valid manifest v2 contract,docs/qa/scenarios/ET-extension-manifest-v2-surfaces.md,Document-based feasibility estimate; not an executed verdict; Codex Luna xhigh ACP canary still required,J-extension-policy-admin,Ada,"Code-first registrations generate a byte-stable manifest v2 whose closed `capabilities.provides` and `permissions.requires`, extension hook source, command groups, tool command metadata, trusted_workspace, and invocation_id survive every owning projection; unknown values and malformed command metadata fail build and load before mutation.",docs/qa/reports/2026-08-07-remote-gateway.md,/Users/pedronauck/dev/qa-labs/compozy-bundles-removal-review-20260803-040035-513450-lab/qa-artifacts/qa/validate-review-kit.json; /Users/pedronauck/dev/qa-labs/compozy-bundles-removal-review-20260803-040035-513450-lab/qa-artifacts/qa/validate-duplicate-layouts.json;/Users/pedronauck/dev/qa-labs/compozy-remote-gateway-20260807-202655-957508-lab/qa-artifacts/qa/test-cases/41-extension-template-discovery.json,BUG-20260729-public-extension-sdks-unpublished;BUG-20260807-extension-template-help,CH-extension-command-authority;CH-extension-contract-policy;CH-extension-agent-authoring,pending,,Not executed in this round.
ET-extension-passive-update-discovery,blocked-verify,standard_local_execution_candidate,no_separate_external_prerequisite_identified,Discover extension updates without flags,docs/qa/scenarios/ET-extension-passive-update-discovery.md,Document-based feasibility estimate; not an executed verdict; Codex Luna xhigh ACP canary still required,J-extension-distribution,Ada,"Installed extensions advertise a newer remote version in list and search human output and structured fields without an update-check flag, while a degraded discovery source never blocks local inventory.",docs/qa/reports/2026-07-28-untested-full.md,/Users/pedronauck/dev/qa-labs/compozy-ext-improvs-final-20260729-230047-267985-lab/qa-artifacts/qa/extension-charters.json;/Users/pedronauck/dev/qa-labs/compozy-qa-et-current-source-20260730-061655-910372-lab/qa-artifacts/qa,,CH-extension-distribution-integrity,pending,,Not executed in this round.
ET-extension-quickstart-verbatim,blocked-verify,separate_prerequisite_or_review,published_sdk_recheck,Reach a working extension by following the published quickstart verbatim,docs/qa/scenarios/ET-extension-quickstart-verbatim.md,Document-based feasibility estimate; not an executed verdict; Codex Luna xhigh ACP canary still required,J-extension-newcomer-first-success,Lea,"A newcomer on a release-stamped binary who types only the commands printed in the published quickstart ends with an installed, invocable extension, having spent at most four actions and ten concepts, with no trust prompt and no undocumented step.",docs/qa/reports/2026-07-29-ext-improvs.md,/Users/pedronauck/dev/qa-labs/compozy-ext-improvs-final-20260729-230047-267985-lab/qa-artifacts/qa/newcomer/quickstart.json,BUG-20260729-public-extension-sdks-unpublished,CH-extension-newcomer-first-success,pending,,Not executed in this round.
ET-layout-editor-drag-rebalance,blocked-verify,standard_local_execution_candidate,no_separate_external_prerequisite_identified,Rebalance a split by dragging its divider in Settings,docs/qa/scenarios/ET-layout-editor-drag-rebalance.md,Document-based feasibility estimate; not an executed verdict; Codex Luna xhigh ACP canary still required,J-administer-window-manager,Bruno,"Dragging a divider on the Settings canvas moves it under the pointer at reference scale, snaps to a half, third or quarter with a live readout, and keeps the split's weights summing to 1 at every frame; arrow keys move the same divider without a pointer; the daemon accepts the result and never returns `topology.split_weight_sum`.",docs/qa/reports/2026-07-28-untested-full.md,/Users/pedronauck/dev/qa-labs/compozy-qa-et-current-source-20260730-061655-910372-lab/qa-artifacts/qa,,CH-untested-043-administer-window-manager-bruno-part-1,pending,,Not executed in this round.
ET-layout-editor-gaps-follow-canvas,blocked-verify,standard_local_execution_candidate,no_separate_external_prerequisite_identified,Editing gaps and snap zones updates the layout canvas at real scale,docs/qa/scenarios/ET-layout-editor-gaps-follow-canvas.md,Document-based feasibility estimate; not an executed verdict; Codex Luna xhigh ACP canary still required,J-administer-window-manager,Bruno,"Dragging a gap guide moves one pixel of gap per pixel of travel, the readout tracks it live, and the layout canvas above re-projects with the new gaps; snap bands, corner reach and exit slack redraw as the region they govern; each guide is also an arrow-key slider with an announced value; centre-zone bindings open a real menu and only offer the values the daemon accepts.",docs/qa/reports/2026-07-28-untested-full.md,/Users/pedronauck/dev/qa-labs/compozy-qa-et-current-source-20260730-061655-910372-lab/qa-artifacts/qa,,CH-untested-043-administer-window-manager-bruno-part-1,pending,,Not executed in this round.
ET-layout-editor-group-overlap-refused,blocked-verify,standard_local_execution_candidate,no_separate_external_prerequisite_identified,Dragging a group edge into a neighbour is flagged before it can apply,docs/qa/scenarios/ET-layout-editor-group-overlap-refused.md,Document-based feasibility estimate; not an executed verdict; Codex Luna xhigh ACP canary still required,J-administer-window-manager,Bruno,"A group edge dragged past a neighbour marks both groups on the canvas immediately, the inspector says the daemon refuses overlapping groups, Review returns `topology.group_overlap` with its path, Apply stays disabled, and no preview is requested for the refused document.",docs/qa/reports/2026-07-28-untested-full.md,/Users/pedronauck/dev/qa-labs/compozy-qa-et-current-source-20260730-061655-910372-lab/qa-artifacts/qa,,CH-untested-043-administer-window-manager-bruno-part-1,pending,,Not executed in this round.
ET-layout-editor-load-saved-layout,blocked-verify,standard_local_execution_candidate,no_separate_external_prerequisite_identified,Loading a saved layout over unapplied edits asks first,docs/qa/scenarios/ET-layout-editor-load-saved-layout.md,Document-based feasibility estimate; not an executed verdict; Codex Luna xhigh ACP canary still required,J-administer-window-manager,Bruno,"Loading a saved layout while the editor is clean replaces the draft straight away; loading one while the draft has unapplied edits asks before discarding them and leaves the draft untouched on cancel; deleting a saved layout asks first and, once confirmed, clears every field of the removed record rather than leaving its scope, screen shape and overflow behind; a card's thumbnail is the stored layout's own geometry.",docs/qa/reports/2026-07-28-untested-full.md,/Users/pedronauck/dev/qa-labs/compozy-qa-et-current-source-20260730-061655-910372-lab/qa-artifacts/qa,,CH-untested-043-administer-window-manager-bruno-part-1,pending,,Not executed in this round.
ET-layout-editor-split-orientation,blocked-verify,standard_local_execution_candidate,no_separate_external_prerequisite_identified,Rows and Columns produce the arrangement they show,docs/qa/scenarios/ET-layout-editor-split-orientation.md,Document-based feasibility estimate; not an executed verdict; Codex Luna xhigh ACP canary still required,J-administer-window-manager,Bruno,"Choosing Rows in the inspector stacks the windows top to bottom and choosing Columns places them side by side, matching the diagram on each button and the arrangement the live shell renders for the same document; the inspector never shows an axis name.",docs/qa/reports/2026-07-28-untested-full.md,/Users/pedronauck/dev/qa-labs/compozy-qa-et-current-source-20260730-061655-910372-lab/qa-artifacts/qa,,CH-untested-043-administer-window-manager-bruno-part-1,pending,,Not executed in this round.
ET-layout-editor-split-weights,blocked-verify,standard_local_execution_candidate,no_separate_external_prerequisite_identified,A split created in Settings passes daemon validation,docs/qa/scenarios/ET-layout-editor-split-weights.md,Document-based feasibility estimate; not an executed verdict; Codex Luna xhigh ACP canary still required,J-administer-window-manager,Bruno,"Converting a branch to Rows, Columns or Stack — at any number of windows — produces a document the daemon validates without `topology.split_weight_sum`; Distribute evenly produces the same; the balance readout shows each pane's share as a fraction.",docs/qa/reports/2026-07-28-untested-full.md,/Users/pedronauck/dev/qa-labs/compozy-qa-et-current-source-20260730-061655-910372-lab/qa-artifacts/qa,,CH-untested-043-administer-window-manager-bruno-part-1,pending,,Not executed in this round.
ET-marketplace-kill-switch,blocked-verify,standard_local_execution_candidate,no_separate_external_prerequisite_identified,Remove a pulled catalog entry from every surface,docs/qa/scenarios/ET-marketplace-kill-switch.md,Document-based feasibility estimate; not an executed verdict; Codex Luna xhigh ACP canary still required,J-extension-policy-admin,Vera,"An entry removed from the curated feed disappears from search, browse, and detail on web, CLI, and API after refresh (and within TTL without one), while the already-installed capability remains fully manageable.",docs/qa/reports/2026-07-28-untested-full.md,/Users/pedronauck/dev/qa-labs/compozy-marketplace-northstar-20260715-20260715-114240-757254-lab/qa-artifacts/qa/notes/marketplace-config-set-live.json; /Users/pedronauck/dev/qa-labs/compozy-marketplace-task11-final-20260715-20260716-011529-818379-lab/qa-artifacts/qa/notes/marketplace-kill-switch.json;/Users/pedronauck/dev/qa-labs/compozy-qa-et-current-source-20260730-061655-910372-lab/qa-artifacts/qa,BUG-20260715-marketplace-config-set-live; BUG-20260715-config-set-late-metadata; BUG-20260715-marketplace-stale-report,CH-extension-policy-admin-gates,pending,,Not executed in this round.
ET-model-source-five-rate-pricing,blocked-verify,standard_local_execution_candidate,no_separate_external_prerequisite_identified,Extension model source preserves five-rate pricing,docs/qa/scenarios/ET-model-source-five-rate-pricing.md,Document-based feasibility estimate; not an executed verdict; Codex Luna xhigh ACP canary still required,J-20,Ada,"An extension model.source row with distinct input, output, cache-read, cache-write, and reasoning rates validates, persists across daemon reopen, and returns unchanged through Host API models/list; negative or non-finite rates fail the source and method/capability IDs remain unchanged.",docs/qa/reports/2026-07-28-untested-full.md,/Users/pedronauck/dev/qa-labs/compozy-qa-et-current-source-20260730-061655-910372-lab/qa-artifacts/qa,,CH-truthful-cost-provenance;CH-untested-valid-006-20-ada,pending,,Not executed in this round.
ET-native-tool-approval-grants,blocked-verify,standard_local_execution_candidate,no_separate_external_prerequisite_identified,"Set, remember, and revoke native-tool approval decisions",docs/qa/scenarios/ET-native-tool-approval-grants.md,Document-based feasibility estimate; not an executed verdict; Codex Luna xhigh ACP canary still required,J-answer-agent-requests,Théo,"Allow-always and reject-always decisions survive daemon restart only for the exact workspace, agent, tool, and input digest; explicit agent-wide and tool-wide decisions set through Web, CLI, HTTP, UDS, and native tools survive restart without an input digest; every surface lists the same rows; revocation removes each decision everywhere and wider allows never exceed the configured tool-policy ceiling.",docs/qa/reports/2026-07-28-untested-full.md,/Users/pedronauck/dev/qa-labs/compozy-qa-et-current-source-20260730-061655-910372-lab/qa-artifacts/qa,,CH-approval-grant-memory,pending,,Not executed in this round.
ET-native-workspace-scope-isolation,blocked-verify,standard_local_execution_candidate,no_separate_external_prerequisite_identified,Bind native tool calls to the caller workspace before policy,docs/qa/scenarios/ET-native-workspace-scope-isolation.md,Document-based feasibility estimate; not an executed verdict; Codex Luna xhigh ACP canary still required,J-operate-workspace-context,Ada,"A workspace-bound session omits workspace input for same-workspace native operations, while a foreign workspace reference is canonicalized and sent through the shared cross-workspace policy before memory, automation, workspace, hook, or task-claim handlers execute; policy denial prevents every handler-visible read or write, and global/all scope remains operator-only for workspace-bound sessions.",docs/qa/reports/2026-07-28-untested-full.md,/Users/pedronauck/dev/qa-labs/compozy-northstar-pay-20260729-124649-419333-lab/qa-artifacts/qa/notes/cross-workspace-access-results.md;/Users/pedronauck/dev/qa-labs/compozy-qa-et-current-source-20260730-061655-910372-lab/qa-artifacts/qa,BUG-20260729-nearest-workspace-case-alias,CH-untested-070-operate-workspace-context-ada;CH-workspace-binding-canary,pending,,Not executed in this round.
ET-nested-skill-groups,blocked-verify,standard_local_execution_candidate,no_separate_external_prerequisite_identified,Discover grouped workspace skills without cross-workspace leakage,docs/qa/scenarios/ET-nested-skill-groups.md,Document-based feasibility estimate; not an executed verdict; Codex Luna xhigh ACP canary still required,J-offer-runnable-capabilities,Ada,"An empty organizational group is ignored; nested `SKILL.md` leaves appear in the effective workspace catalog and management surfaces, a live nested add/edit/remove refreshes without daemon restart, and two workspaces expose only their own grouped skills. `compozy skill create <name> --group <relative/path>` scaffolds the nested leaf without changing its frontmatter identity or normal shadow precedence.",docs/qa/reports/2026-07-28-untested-full.md,/Users/pedronauck/dev/qa-labs/compozy-qa-et-current-source-20260730-061655-910372-lab/qa-artifacts/qa,,CH-nested-skill-groups,pending,,Not executed in this round.
ET-site-docs-search-context,blocked-verify,standard_local_execution_candidate,no_separate_external_prerequisite_identified,Distinguish duplicate documentation results by section,docs/qa/scenarios/ET-site-docs-search-context.md,Document-based feasibility estimate; not an executed verdict; Codex Luna xhigh ACP canary still required,J-evaluate-compozy-beta,Dora,"Public documentation search results include URL-derived section breadcrumbs, so duplicate titles such as Sessions identify Core concepts, CLI reference, API reference, or protocol implementation guides without opening each result.",docs/qa/reports/2026-07-28-untested-full.md,/Users/pedronauck/dev/qa-labs/compozy-qa-et-current-source-20260730-061655-910372-lab/qa-artifacts/qa,,CH-site-docs-search-context,pending,,Not executed in this round.
ET-terminal-approval-ladder-grants,blocked-verify,standard_local_execution_candidate,no_separate_external_prerequisite_identified,Approve agent terminal commands at the right tier and keep grants revocable,docs/qa/scenarios/ET-terminal-approval-ladder-grants.md,Document-based feasibility estimate; not an executed verdict; Codex Luna xhigh ACP canary still required,J-supervise-agent-terminal,Bruno,"Every agent command shows its exact command and working directory before running, commands that cannot be classified always ask, the fixed irreversible set can never be made automatic, ordinary grants remain listed and revocable, and terminal input has no separate typing grant or administration surface.",docs/qa/reports/2026-09-04-terminal-shared-control.md,/Users/pedronauck/dev/qa-labs/compozy-terminal-shared-control-20260904-204013-041114-lab/qa-artifacts/qa/live-evidence.md; docs/qa/reports/2026-09-04-terminal-shared-control.md,,CH-terminal-approval-ladder;CH-terminal-v3-public-contract,pending,,Not executed in this round.
ET-terminal-session-block-handoff,blocked-verify,standard_local_execution_candidate,no_separate_external_prerequisite_identified,Follow a deliberate terminal run from the session transcript,docs/qa/scenarios/ET-terminal-session-block-handoff.md,Document-based feasibility estimate; not an executed verdict; Codex Luna xhigh ACP canary still required,J-operate-integrated-terminal,Bruno,"A deliberate terminal tool call renders a live block in the transcript with its exit outcome, jumps to the owning terminal window, hands a still-running command over instead of pretending it finished, and marks the output it feeds back to the model as untrusted data.",docs/qa/reports/2026-09-04-terminal-shared-control.md,/Users/pedronauck/dev/qa-labs/compozy-terminal-shared-control-20260904-204013-041114-lab/qa-artifacts/qa/live-evidence.md; docs/qa/reports/2026-09-04-terminal-shared-control.md,,CH-terminal-operator-shell;CH-terminal-shared-input-race,pending,,Not executed in this round.
ET-terminal-windows-parity,blocked-verify,separate_prerequisite_or_review,platform_or_packaged_artifact,Run a full interactive terminal on Windows,docs/qa/scenarios/ET-terminal-windows-parity.md,Document-based feasibility estimate; not an executed verdict; Codex Luna xhigh ACP canary still required,J-operate-terminal-windows,Dora,"A local Windows workspace exposes the same interactive terminal controls and lifecycle as macOS and Linux, while a sandbox workspace remains execute-only.",docs/qa/reports/2026-08-26-integrated-terminal.md,docs/qa/reports/2026-08-26-integrated-terminal.md,,CH-terminal-platform-ladder,blocked-external-runtime,docs/qa/evidence/2026-09-10-qa-execution-unblock/platform-prerequisites.json,"Current assigned lab is Darwin arm64/macOS26.6.2. A real Windows local and sandbox runtime remains required for ConPTY, attach/resize/record, process-tree teardown and bounded exec. Windows cross-compilation from the terminal fix is not runtime proof. Historical CH-terminal-platform-ladder is superseded; do not reintroduce control transfer."
ET-tool-result-artifact-recovery,blocked-verify,conditional_local_preparation,prepared_extension_layout_or_artifact,Recover one oversized tool result across public surfaces,docs/qa/scenarios/ET-tool-result-artifact-recovery.md,Document-based feasibility estimate; not an executed verdict; Codex Luna xhigh ACP canary still required,J-14,Rafa,"An oversized post-hook redacted tool result keeps a truthful preview, opens as exact ordered bytes in Web, native tool, CLI, HTTP, and UDS, remains isolated to its workspace, survives daemon restart until deterministic retention removes it, and preserves a bounded partial result if persistence fails.",docs/qa/reports/2026-07-28-untested-full.md,/Users/pedronauck/dev/qa-labs/compozy-qa-et-current-source-20260730-061655-910372-lab/qa-artifacts/qa,,CH-artifact-recovery-paging,pending,,Not executed in this round.
ET-web-dock-magnification,blocked-verify,standard_local_execution_candidate,no_separate_external_prerequisite_identified,Dock proximity magnification and name tip,docs/qa/scenarios/ET-web-dock-magnification.md,Document-based feasibility estimate; not an executed verdict; Codex Luna xhigh ACP canary still required,J-operate-desktop-shell,Bruno,"In floating presentation, moving the pointer across the dock scales and lifts nearby launchers with OpenDesign falloff (radius 96, scale amp 0.34) and shows each app name in a Tooltip above the icon; compact presentation and prefers-reduced-motion keep icons static with no tip animation requirement beyond the shared Tooltip reduce-motion behavior; New Session stays outside the magnify field but still shows its tip.",docs/qa/reports/2026-07-28-untested-full.md,/Users/pedronauck/dev/qa-labs/compozy-qa-et-current-source-20260730-061655-910372-lab/qa-artifacts/qa,,CH-untested-068-operate-desktop-shell-bruno,pending,,Not executed in this round.
ET-web-ext-policy-block,blocked-verify,standard_local_execution_candidate,no_separate_external_prerequisite_identified,Respect extension trust policy in Marketplace,docs/qa/scenarios/ET-web-ext-policy-block.md,Document-based feasibility estimate; not an executed verdict; Codex Luna xhigh ACP canary still required,J-marketplace-acquisition,Bruno,"A blocked daemon trust decision leaves Install focusable but unavailable, explains the real typed warning, links Settings Extensions, and performs no write; an allowed-unverified decision requires explicit confirmation.",docs/qa/reports/2026-07-28-untested-full.md,/Users/pedronauck/dev/qa-labs/compozy-marketplace-task11-final-20260715-20260716-011529-818379-lab/qa-artifacts/qa/web/extension-unverified-policy-blocked.png; /Users/pedronauck/dev/qa-labs/compozy-marketplace-task11-final-20260715-20260716-011529-818379-lab/qa-artifacts/qa/web/extension-unverified-policy-live.png; /Users/pedronauck/Dev/compozy/compozy/.tmp/bug-20260714-focus/focused.png;/Users/pedronauck/dev/qa-labs/compozy-qa-et-current-source-20260730-061655-910372-lab/qa-artifacts/qa,BUG-20260714-keyboard-focus-invisible,CH-marketplace-under-a-minute,pending,,Not executed in this round.
ET-web-extension-detail,blocked-verify,standard_local_execution_candidate,no_separate_external_prerequisite_identified,Inspect an installed extension,docs/qa/scenarios/ET-web-extension-detail.md,Document-based feasibility estimate; not an executed verdict; Codex Luna xhigh ACP canary still required,J-marketplace-acquisition,Bruno,"The extension detail route survives refresh and renders runtime state, required and missing environment variables, bound key names, kit inventory, diagnostics and last_error severity, provenance, and trust.",docs/qa/reports/2026-08-10-loop-browser-runtime-closeout.md,docs/qa/evidence/2026-08-10-loop-browser-runtime-closeout/extension-spec-cycle-trust.png; docs/qa/evidence/2026-08-10-loop-browser-runtime-closeout/extension-update-precondition.md,,CH-marketplace-under-a-minute;CH-bundled-extension-trust;CH-extension-kit-lifecycle,pending,,Not executed in this round.
ET-web-loop-editor-node-truncate,blocked-verify,standard_local_execution_candidate,no_separate_external_prerequisite_identified,Loop editor node cards truncate long id and kind labels,docs/qa/scenarios/ET-web-loop-editor-node-truncate.md,Document-based feasibility estimate; not an executed verdict; Codex Luna xhigh ACP canary still required,J-06,Bruno,"On `/loops/:name/editor`, ACTION (and other) canvas node cards keep id and kind text inside the fixed-width card with ellipsis; hover `title` exposes the full string. Labels do not paint outside the node border.",docs/qa/reports/2026-07-28-untested-full.md,/Users/pedronauck/dev/qa-labs/compozy-qa-et-current-source-20260730-061655-910372-lab/qa-artifacts/qa,,CH-untested-007-06-bruno,pending,,Not executed in this round.
ET-web-loop-editor-sidebar-tabs,blocked-verify,standard_local_execution_candidate,no_separate_external_prerequisite_identified,Loop editor right rail uses Contract / Node lane tabs,docs/qa/scenarios/ET-web-loop-editor-sidebar-tabs.md,Document-based feasibility estimate; not an executed verdict; Codex Luna xhigh ACP canary still required,J-06,Bruno,"On `/loops/:name/editor`, the right rail shows LaneTabs with Contract (default) and Node. Contract fields (goal, definition of done) are visible on open. Selecting a canvas node, adding from the palette, or revealing from the linter switches to the Node tab and shows that node's inspector. Manual tab clicks switch lanes without clearing canvas selection.",docs/qa/reports/2026-07-28-untested-full.md,/Users/pedronauck/dev/qa-labs/compozy-qa-et-current-source-20260730-061655-910372-lab/qa-artifacts/qa,,CH-untested-007-06-bruno,pending,,Not executed in this round.
ET-web-loop-editor-topbar,blocked-verify,standard_local_execution_candidate,no_separate_external_prerequisite_identified,Loop editor chrome uses shell topbar actions,docs/qa/scenarios/ET-web-loop-editor-topbar.md,Document-based feasibility estimate; not an executed verdict; Codex Luna xhigh ACP canary still required,J-06,Bruno,"`/loops/:name/editor` shows a single shell Topbar with breadcrumb on the left (Home › Loops › name › Editor) and Validate / Save layout / Publish plus version/dirty chips on the right via `useTopbarSlot`. There is no secondary identity bar with pencil + ""title · Edit"". The canvas sub-toolbar (zoom, Graph|DSL, invariant chips) remains below the topbar.",docs/qa/reports/2026-07-28-untested-full.md,/Users/pedronauck/dev/qa-labs/compozy-qa-et-current-source-20260730-061655-910372-lab/qa-artifacts/qa,,CH-untested-007-06-bruno,pending,,Not executed in this round.
ET-web-marketplace-mcp-authorize-installed,blocked-verify,separate_prerequisite_or_review,external_oauth,Authorize an MCP server from Installed scope,docs/qa/scenarios/ET-web-marketplace-mcp-authorize-installed.md,Document-based feasibility estimate; not an executed verdict; Codex Luna xhigh ACP canary still required,J-mcp-authorize-repair,Bruno,"An installed OAuth MCP server that needs login exposes Authorize in the MCP Installed scope and detail, reuses the scoped daemon authorization flow, and reports success only after authenticated status and token presence are both confirmed. Install destination follows the menubar Global switch (no `config_scope` search param and no destination pills in the install dialog).",docs/qa/reports/2026-08-13-pr-368-coderabbit.md,/Users/pedronauck/dev/qa-labs/compozy-pr-368-coderabbit-20260813-051821-831054-lab/qa-artifacts/qa/screenshots/mcp-global-install-clean.png; /Users/pedronauck/dev/qa-labs/compozy-mcp-2026-catalog-v2-final-rerun-20260730-204949-514647-lab/qa-artifacts/qa/screenshots/mcp-guided-linear-installed.png; /Users/pedronauck/dev/qa-labs/compozy-mcp-2026-catalog-v2-final-rerun-20260730-204949-514647-lab/qa-artifacts/qa/notes/mcp-status-after-linear.json,,CH-marketplace-scope-isolation;CH-untested-064-mcp-authorize-repair-bruno,pending,,Not executed in this round.
ET-web-marketplace-remove-scope-return,blocked-verify,standard_local_execution_candidate,no_separate_external_prerequisite_identified,Return removed items to Marketplace scope,docs/qa/scenarios/ET-web-marketplace-remove-scope-return.md,Document-based feasibility estimate; not an executed verdict; Codex Luna xhigh ACP canary still required,J-marketplace-acquisition,Bruno,"Removing an installed skill, extension, or MCP server succeeds only after typed confirmation, reconciles discovery and inventory, switches to Marketplace scope, and leaves the removed entry available for a fresh install when it remains catalog-backed.",docs/qa/reports/2026-07-28-untested-full.md,/Users/pedronauck/dev/qa-labs/compozy-qa-et-current-source-20260730-061655-910372-lab/qa-artifacts/qa,,CH-untested-063-marketplace-acquisition-bruno,pending,,Not executed in this round.
ET-web-mcp-authorize,blocked-verify,separate_prerequisite_or_review,external_oauth,MCP OAuth authorize/repair flow (browser auto path),docs/qa/scenarios/ET-web-mcp-authorize.md,Document-based feasibility estimate; not an executed verdict; Codex Luna xhigh ACP canary still required,J-mcp-authorize-repair,Bruno,Authorize on a needs_login OAuth remote begins an explicit `mode=automatic` daemon PKCE session and always renders the live `auth/begin` authorization_url copyable (browser open optional). The waiting dialog polls the scoped list and confirms ONLY on `authenticated && token_present`. A tools/list-style success alone never flips the UI. Automatic begin failure offers retry and a manual-callback fallback; cancel/failure preserves the prior public status and token.,docs/qa/reports/2026-07-30-mcp-2026-catalog-v2.md,/Users/pedronauck/dev/qa-labs/compozy-mcp-2026-catalog-v2-final-rerun-20260730-204949-514647-lab/qa-artifacts/qa/screenshots/mcp-guided-linear-installed.png; /Users/pedronauck/dev/qa-labs/compozy-mcp-2026-catalog-v2-final-rerun-20260730-204949-514647-lab/qa-artifacts/qa/notes/mcp-status-after-linear.json; /Users/pedronauck/dev/qa-labs/compozy-mcp-2026-catalog-v2-final-rerun-20260730-204949-514647-lab/qa-artifacts/qa/screenshots/mcp-status-matrix.png,BUG-20260715-mcp-oauth-name-segment,CH-mcp-authorize-repair-truth,pending,,Not executed in this round.
ET-web-page-content-gutter,blocked-verify,standard_local_execution_candidate,no_separate_external_prerequisite_identified,Main-pane routes share one content gutter,docs/qa/scenarios/ET-web-page-content-gutter.md,Document-based feasibility estimate; not an executed verdict; Codex Luna xhigh ACP canary still required,J-marketplace-acquisition,Bruno,"Catalog, settings, home, and entity-detail routes in the main pane share the same horizontal inset (`px-9` + `max-w-content-max` via `PageContent` / `ListingPage` / `PageShell`). Left edges of PageHead titles align when navigating Agents → Home → Settings → a detail route. Session chat and network channel panes keep pane-local padding and are exempt.",docs/qa/reports/2026-07-28-untested-full.md,/Users/pedronauck/dev/qa-labs/compozy-qa-et-current-source-20260730-061655-910372-lab/qa-artifacts/qa,,CH-untested-063-marketplace-acquisition-bruno,pending,,Not executed in this round.
ET-web-route-chrome-topbar,blocked-verify,standard_local_execution_candidate,no_separate_external_prerequisite_identified,Unified window head absorbs PageHead,docs/qa/scenarios/ET-web-route-chrome-topbar.md,Document-based feasibility estimate; not an executed verdict; Codex Luna xhigh ACP canary still required,J-marketplace-acquisition,Bruno,Every open desktop window owns one 44px unified head (traffic lights · quiet glyph + title or window-local drill-in trail · peer RouteNav tabs immediately after identity when the route has siblings · status + ≤2 actions) with an optional 38px context strip for listing tools only (search/filter/sort/scope — never peer route tabs); route identity renders once (no body PageHead / accent tile / workspace-prefixed breadcrumb); document/session windows self-title with a state mark; focusing a window makes its head and URL authoritative without creating a second shell-level title.,docs/qa/reports/2026-07-28-untested-full.md,/Users/pedronauck/dev/qa-labs/compozy-qa-et-current-source-20260730-061655-910372-lab/qa-artifacts/qa,,CH-untested-063-marketplace-acquisition-bruno,pending,,Not executed in this round.
ET-web-session-cross-workspace-confirm,blocked-verify,standard_local_execution_candidate,no_separate_external_prerequisite_identified,Confirm and switch into the workspace that owns a linked session,docs/qa/scenarios/ET-web-session-cross-workspace-confirm.md,Document-based feasibility estimate; not an executed verdict; Codex Luna xhigh ACP canary still required,J-open-foreign-session,Nia,"A foreign-workspace session deep link shows a confirmation naming the owning workspace, and confirming activates that workspace and opens the session on both the canonical and short permalink routes; the confirmation state lives in the route so the link is replayable.",docs/qa/reports/2026-07-28-untested-full.md,/Users/pedronauck/dev/qa-labs/compozy-northstar-pay-20260729-124649-419333-lab/qa-artifacts/qa/notes/cross-workspace-access-results.md; /Users/pedronauck/dev/qa-labs/compozy-northstar-pay-20260729-124649-419333-lab/qa-artifacts/qa/screenshots/cross-workspace-deeplink-confirm.png; /Users/pedronauck/dev/qa-labs/compozy-northstar-pay-20260729-124649-419333-lab/qa-artifacts/qa/screenshots/cross-workspace-deeplink-switched.png; /Users/pedronauck/dev/qa-labs/compozy-northstar-pay-20260729-124649-419333-lab/qa-artifacts/qa/screenshots/cross-workspace-shortlink-confirm.png;/Users/pedronauck/dev/qa-labs/compozy-qa-et-current-source-20260730-061655-910372-lab/qa-artifacts/qa,,CH-foreign-session-deep-link,pending,,Not executed in this round.
ET-web-session-deep-link-isolation,blocked-verify,standard_local_execution_candidate,no_separate_external_prerequisite_identified,Never move a session deep link across workspaces without confirmation,docs/qa/scenarios/ET-web-session-deep-link-isolation.md,Document-based feasibility estimate; not an executed verdict; Codex Luna xhigh ACP canary still required,J-open-foreign-session,Théo,"A deep link to a foreign-workspace session never changes the active workspace and never renders foreign session data before the operator confirms; cancelling keeps the active workspace, its arrangement, and the existing not-found state, and a session that exists nowhere stays not found with no confirmation offered.",docs/qa/reports/2026-07-28-untested-full.md,/Users/pedronauck/dev/qa-labs/compozy-northstar-pay-20260729-124649-419333-lab/qa-artifacts/qa/notes/cross-workspace-access-results.md; /Users/pedronauck/dev/qa-labs/compozy-northstar-pay-20260729-124649-419333-lab/qa-artifacts/qa/screenshots/cross-workspace-deeplink-confirm.png; /Users/pedronauck/dev/qa-labs/compozy-northstar-pay-20260729-124649-419333-lab/qa-artifacts/qa/screenshots/cross-workspace-deeplink-cancelled.png;/Users/pedronauck/dev/qa-labs/compozy-qa-et-current-source-20260730-061655-910372-lab/qa-artifacts/qa,,CH-untested-070-operate-workspace-context-ada;CH-foreign-session-deep-link,pending,,Not executed in this round.
ET-web-settings-extensions-policy,blocked-verify,standard_local_execution_candidate,no_separate_external_prerequisite_identified,Manage extension marketplace policy,docs/qa/scenarios/ET-web-settings-extensions-policy.md,Document-based feasibility estimate; not an executed verdict; Codex Luna xhigh ACP canary still required,J-extension-policy-admin,Vera,"Settings Extensions exposes only registry, base_url, and allow_unverified; saving preserves hidden resource policy, reports the real config lifecycle, and a live allow_unverified flip immediately refreshes Marketplace trust affordances.",docs/qa/reports/2026-07-28-untested-full.md,/Users/pedronauck/dev/qa-labs/compozy-marketplace-task11-final-20260715-20260716-011529-818379-lab/qa-artifacts/qa/notes/marketplace-management-lifecycle.json; /Users/pedronauck/dev/qa-labs/compozy-marketplace-task11-final-20260715-20260716-011529-818379-lab/qa-artifacts/qa/web/extensions-policy-after.png;/Users/pedronauck/dev/qa-labs/compozy-qa-et-current-source-20260730-061655-910372-lab/qa-artifacts/qa,,CH-extension-policy-admin-gates,pending,,Not executed in this round.
ET-web-settings-hooks,blocked-verify,standard_local_execution_candidate,no_separate_external_prerequisite_identified,Manage hooks from the dedicated Settings page,docs/qa/scenarios/ET-web-settings-hooks.md,Document-based feasibility estimate; not an executed verdict; Codex Luna xhigh ACP canary still required,J-extension-policy-admin,Vera,"Settings Hooks survives refresh, renders hook and notification preset management without any installed-extension or extension-policy controls, and reports restart-required hook mutations truthfully.",docs/qa/reports/2026-07-28-untested-full.md,docs/qa/reports/2026-07-15-marketplace.md; web/e2e/settings-hooks.spec.ts;/Users/pedronauck/dev/qa-labs/compozy-qa-et-current-source-20260730-061655-910372-lab/qa-artifacts/qa,,CH-extension-policy-admin-gates,pending,,Not executed in this round.
ET-web-tasks-mode-url,blocked-verify,standard_local_execution_candidate,no_separate_external_prerequisite_identified,Tasks mode navigation via URL search param,docs/qa/scenarios/ET-web-tasks-mode-url.md,Document-based feasibility estimate; not an executed verdict; Codex Luna xhigh ACP canary still required,J-24,Bruno,"Tasks List/Kanban/Dashboard/Inbox modes are RouteNav links driven by `?mode=` (not local-only pills); the active mode has `aria-current=""page""`; refreshing preserves the mode; switching modes updates the URL without losing workspace scope.",docs/qa/reports/2026-07-28-untested-full.md,/Users/pedronauck/dev/qa-labs/compozy-qa-et-current-source-20260730-061655-910372-lab/qa-artifacts/qa,,CH-untested-024-24-bruno-part-1,pending,,Not executed in this round.
ET-web-ui-resilience,blocked-verify,standard_local_execution_candidate,no_separate_external_prerequisite_identified,Preserve truthful and accessible async UI across Web systems,docs/qa/scenarios/ET-web-ui-resilience.md,Document-based feasibility estimate; not an executed verdict; Codex Luna xhigh ACP canary still required,J-operate-desktop-shell,Bruno,"Known-geometry first loads render stable Skeleton geometry for the selected rows or cards view; action-pending feedback remains local while conflicting mutations are serialized; controls backed by unavailable data stay disabled; custom filter menus expose each supported comparison exactly once; schedule previews refresh on their second or minute boundary, including after invalid input becomes valid; focus remains visible on revealed actions and disclosures; operational errors do not invalidate unrelated form fields; errors are announced; and motion is interruptible, composited, and reduced-motion safe.",docs/qa/reports/2026-07-28-untested-full.md,/tmp/eng-ui-screenshot.EdZjtp/evidence; /tmp/eng-ui-screenshot.batch-d.X6X6Rq/out;/Users/pedronauck/dev/qa-labs/compozy-qa-et-current-source-20260730-061655-910372-lab/qa-artifacts/qa,,CH-plain-scale-legibility;CH-untested-068-operate-desktop-shell-bruno,pending,,Not executed in this round.
ET-web-vault-opendesign-listing,blocked-verify,standard_local_execution_candidate,no_separate_external_prerequisite_identified,Vault listing matches OpenDesign inspect model,docs/qa/scenarios/ET-web-vault-opendesign-listing.md,Document-based feasibility estimate; not an executed verdict; Codex Luna xhigh ACP canary still required,J-marketplace-acquisition,Bruno,"`/vault` shows ListingPage + PageHead + topbar Refresh/New secret, URL-synced prefix/namespace/view, Rows/Cards toggle, security note, interactive rows/cards that open a detail sheet with redacted tiles, masked value, rotate Store, copy ref, CLI foot, and delete confirm. Create remains write-only SettingsEditorDialog. No plaintext secret values appear.",docs/qa/reports/2026-07-28-untested-full.md,/Users/pedronauck/dev/qa-labs/compozy-qa-et-current-source-20260730-061655-910372-lab/qa-artifacts/qa,,CH-untested-063-marketplace-acquisition-bruno,pending,,Not executed in this round.
ET-window-tab-v3-discard,blocked-verify,conditional_local_preparation,prepared_extension_layout_or_artifact,Preserve user layouts across version upgrades,docs/qa/scenarios/ET-window-tab-v3-discard.md,Document-based feasibility estimate; not an executed verdict; Codex Luna xhigh ACP canary still required,J-agent-manage-window-tabs,Ada,"Stored layouts from supported releases upgrade losslessly, including navigation and reopen history; an unsupported document is rejected without deleting or overwriting its source. Public layout interfaces follow SD-013 compatibility windows.",docs/qa/reports/2026-09-01-window-manager-hardening.md,/Users/pedronauck/dev/qa-labs/compozy-window-manager-hardening-20260901-200758-934379-lab/qa-artifacts/qa/test-cases/walk-parity-results.json; /Users/pedronauck/dev/qa-labs/compozy-window-manager-hardening-20260901-200758-934379-lab/qa-artifacts/qa/test-cases/stored-v3-focus-desktop.json; /Users/pedronauck/dev/qa-labs/compozy-window-manager-hardening-20260901-200758-934379-lab/qa-artifacts/qa/test-cases/stored-v2.json; /Users/pedronauck/dev/qa-labs/compozy-window-manager-hardening-20260901-200758-934379-lab/qa-artifacts/qa/logs/daemon-migration-lines.log; /Users/pedronauck/dev/qa-labs/compozy-window-manager-hardening-20260901-200758-934379-lab/qa-artifacts/qa/logs/cli-layout-apply.log; /Users/pedronauck/dev/qa-labs/compozy-window-manager-hardening-20260901-200758-934379-lab/qa-artifacts/qa/qa-audit-report.json; /Users/pedronauck/dev/qa-labs/compozy-window-manager-hardening-20260901-200758-934379-lab/qa-artifacts/qa/teardown.json,,CH-window-tabs-agent-parity,pending,,Not executed in this round.
ET-workspace-access-mode-matrix,blocked-verify,standard_local_execution_candidate,no_separate_external_prerequisite_identified,Decide cross-workspace requests from the session permission mode,docs/qa/scenarios/ET-workspace-access-mode-matrix.md,Document-based feasibility estimate; not an executed verdict; Codex Luna xhigh ACP canary still required,J-cross-workspace-access,Ada,"An approve-all session reaches another workspace at every seam, a deny-all session is denied at every seam with the permission-mode hint and no prompt, and an approve-reads session is denied with the same hint at the agent-identity, task, spawn, and coordination seams; each policy evaluation produces the expected workspace.access_granted or workspace.access_denied audit event in a healthy store, naming target, seam, source, and mode.",docs/qa/reports/2026-07-29-site-improvs-deep-review.md,/Users/pedronauck/dev/qa-labs/compozy-northstar-pay-20260729-124649-419333-lab/qa-artifacts/qa/notes/cross-workspace-access-results.md,BUG-20260729-coordination-cli-drops-agent-identity; BUG-20260730-tool-invoke-202-empty-success;BUG-20260910-cursor-denial-hides-workspace-policy,CH-cross-workspace-mode-seams,unresolved-defect,docs/qa/evidence/2026-09-10-qa-execution-unblock/cross-deny-events-final.json;docs/qa/evidence/2026-09-10-qa-execution-unblock/cross-deny-audit.json,"Fresh deny-all Cursor session rejects MCP before workspace policy, yielding User rejected without promised code/hint/audit or CLI exit77. No access bypass. Approve-reads and remaining reachable seams continue; no full-matrix pass."
ET-workspace-access-prompt-outcomes,blocked-verify,standard_local_execution_candidate,no_separate_external_prerequisite_identified,Resolve a cross-workspace prompt and expire its session answer,docs/qa/scenarios/ET-workspace-access-prompt-outcomes.md,Document-based feasibility estimate; not an executed verdict; Codex Luna xhigh ACP canary still required,J-cross-workspace-access,Bruno,"An approve-reads session hitting the native-tool boundary raises one pending permission offering allow_once, allow_session, reject_once, and reject_session; once answers apply to that call only, session answers apply to every seam for the rest of the session, and stopping the session clears the answer so the next crossing prompts again.",docs/qa/reports/2026-07-29-site-improvs-deep-review.md,/Users/pedronauck/dev/qa-labs/compozy-northstar-pay-20260729-124649-419333-lab/qa-artifacts/qa/notes/cross-workspace-access-results.md,BUG-20260730-tool-invoke-202-empty-success,CH-cross-workspace-consent-audit,pending,,Not executed in this round.
GL-001,pass,standard_local_execution_candidate,no_separate_external_prerequisite_identified,Start a plain Goal from the session composer,docs/qa/scenarios/GL-001.md,Document-based feasibility estimate; not an executed verdict; Codex Luna xhigh ACP canary still required,J-26,Lea,A plain `/goal <objective>` returns a direct 202 structured result with one canonical agent judge and one active session-origin Run.,docs/qa/reports/2026-07-28-untested-full.md,/Users/pedronauck/dev/qa-labs/compozy-automation-features-20260713-20260713-044543-173594-lab/qa-artifacts/qa/screenshots/goal-lifecycle-blocked-after-three-turns.dom.txt;/Users/pedronauck/dev/qa-labs/compozy-qa-gl-rel-wave1-20260730-045845-838751-lab/qa-artifacts/qa,BUG-20260713-goal-judge-unavailable,CH-046,verified,docs/qa/evidence/2026-09-10-qa-execution-unblock/goal-parser-retest-proof.json,"Direct HTTP202 creates one active session-origin Run and sole agent judge. Real Web start, completed worker/judge and refreshed result verified."
GL-002,pass,standard_local_execution_candidate,no_separate_external_prerequisite_identified,Keep textual verification inside the judge rubric,docs/qa/scenarios/GL-002.md,Document-based feasibility estimate; not an executed verdict; Codex Luna xhigh ACP canary still required,J-26,Lea,Textual verify or constraint clauses strengthen the canonical rubric and never execute a shell command.,docs/qa/reports/2026-07-11-goal-execution.md,/Users/pedronauck/dev/qa-labs/compozy-goal-task-08-20260711-20260711-131157-346225-lab/qa-artifacts/qa/teardown.json;/Users/pedronauck/dev/qa-labs/compozy-goal-task-08-20260711-alpha-20260711-132716-618585-lab/qa-artifacts/qa/teardown.json,,CH-046,verified,docs/qa/evidence/2026-09-10-qa-execution-unblock/goal-first-run-proof.json,"Real Web Goal clauses preserved in sole agent-judge rubric; no command judge. Worker and judge runtime cursor/grok-4.6/high/fast confirmed; approved audit, independent file and refreshed Web proof."
GL-003,untested,standard_local_execution_candidate,no_separate_external_prerequisite_identified,Reject invalid Goal starts without side effects,docs/qa/scenarios/GL-003.md,Document-based feasibility estimate; not an executed verdict; Codex Luna xhigh ACP canary still required,J-26,Lea,"Bare or oversized objectives, stale replacement state, unavailable judge configuration, and every other public Goal failure return deterministic human guidance without exposing raw reason identifiers or creating unintended Run/session side effects.",docs/qa/reports/2026-07-28-untested-full.md,/Users/pedronauck/dev/qa-labs/compozy-automation-features-20260713-20260713-044543-173594-lab/qa-artifacts/qa/screenshots/goal-objective-required-human-guidance.dom.txt;/Users/pedronauck/dev/qa-labs/compozy-automation-features-20260713-20260713-044543-173594-lab/qa-artifacts/qa/screenshots/goal-objective-too-large-human-guidance.dom.txt;/Users/pedronauck/dev/qa-labs/compozy-qa-gl-rel-wave1-20260730-045845-838751-lab/qa-artifacts/qa,BUG-20260713-goal-errors-expose-reason-code;BUG-20260713-goal-judge-unavailable,CH-046,pending,docs/qa/evidence/2026-09-10-qa-execution-unblock/goal-parser-retest-proof.json,Bare/oversized admission defect fixed and live retest passed. Other invalid branches remain pending; no full scenario pass.
GL-005,pass,standard_local_execution_candidate,no_separate_external_prerequisite_identified,Pause an active Goal at the prompt boundary,docs/qa/scenarios/GL-005.md,Document-based feasibility estimate; not an executed verdict; Codex Luna xhigh ACP canary still required,J-26,Bruno,Pause settles the current boundary releases the worker and prevents any late continuation while the Run remains truthfully paused.,docs/qa/reports/2026-07-28-untested-full.md,/Users/pedronauck/dev/qa-labs/compozy-automation-features-20260713-20260713-044543-173594-lab/qa-artifacts/qa/screenshots/goal-lifecycle-blocked-after-three-turns.dom.txt;/Users/pedronauck/dev/qa-labs/compozy-qa-gl-rel-wave1-20260730-045845-838751-lab/qa-artifacts/qa,,CH-047,verified,docs/qa/evidence/2026-09-10-qa-execution-unblock/goal-controls-proof.json,"Bruno CH047 real pause/resume/clear walk, independent Run/turn/SSE state and refreshed Web proof. See goal-controls-proof.json for exact branches."
GL-006,pass,standard_local_execution_candidate,no_separate_external_prerequisite_identified,Resume a paused Goal exactly once,docs/qa/scenarios/GL-006.md,Document-based feasibility estimate; not an executed verdict; Codex Luna xhigh ACP canary still required,J-26,Bruno,Resume consumes one plain-resume grant and enqueues one successor segment with the next monotonic turn.,docs/qa/reports/2026-07-28-untested-full.md,/Users/pedronauck/dev/qa-labs/compozy-automation-features-20260713-20260713-044543-173594-lab/qa-artifacts/qa/screenshots/goal-lifecycle-blocked-after-three-turns.dom.txt;/Users/pedronauck/dev/qa-labs/compozy-qa-gl-rel-wave1-20260730-045845-838751-lab/qa-artifacts/qa,,CH-047,verified,docs/qa/evidence/2026-09-10-qa-execution-unblock/goal-controls-proof.json,"Bruno CH047 real pause/resume/clear walk, independent Run/turn/SSE state and refreshed Web proof. See goal-controls-proof.json for exact branches."
GL-007,pass,standard_local_execution_candidate,no_separate_external_prerequisite_identified,Approve one turn-limit extension,docs/qa/scenarios/GL-007.md,Document-based feasibility estimate; not an executed verdict; Codex Luna xhigh ACP canary still required,J-26,Bruno,Approval increases the effective turn limit once without resetting turns used and continues the same checkpoint.,docs/qa/reports/2026-07-11-goal-execution.md,/Users/pedronauck/dev/qa-labs/compozy-goal-task-08-20260711-20260711-131157-346225-lab/qa-artifacts/qa/teardown.json;/Users/pedronauck/dev/qa-labs/compozy-goal-task-08-20260711-alpha-20260711-132716-618585-lab/qa-artifacts/qa/teardown.json,,CH-047,fixed-and-verified,docs/qa/evidence/2026-09-10-qa-execution-unblock/goal-extension-proof.json,"Real turn1of1 -> one approved extension -> turn2of2 in same binding, counter2 and done. Copy promise repaired and fresh approval/reject replay passed. Gate pending for editorial fix."
GL-008,pass,standard_local_execution_candidate,no_separate_external_prerequisite_identified,Clear without late effects or historical resurrection,docs/qa/scenarios/GL-008.md,Document-based feasibility estimate; not an executed verdict; Codex Luna xhigh ACP canary still required,J-26,Bruno,Clear during a prompt revokes every late result and clear after terminal hides the newest snapshot while preserving audit and never resurrecting an older Goal.,docs/qa/reports/2026-07-28-untested-full.md,/Users/pedronauck/dev/qa-labs/compozy-automation-features-20260713-20260713-044543-173594-lab/qa-artifacts/qa/screenshots/goal-lifecycle-cleared.dom.txt;/Users/pedronauck/dev/qa-labs/compozy-automation-features-20260713-20260713-044543-173594-lab/qa-artifacts/qa/screenshots/goal-active-clear-canceled-turn.dom.txt;/Users/pedronauck/dev/qa-labs/compozy-qa-gl-rel-wave1-20260730-045845-838751-lab/qa-artifacts/qa,,CH-047,verified,docs/qa/evidence/2026-09-10-qa-execution-unblock/goal-controls-proof.json,"Bruno CH047 real pause/resume/clear walk, independent Run/turn/SSE state and refreshed Web proof. See goal-controls-proof.json for exact branches."
GL-009,blocked-verify,standard_local_execution_candidate,no_separate_external_prerequisite_identified,Require expected-Run replacement,docs/qa/scenarios/GL-009.md,Document-based feasibility estimate; not an executed verdict; Codex Luna xhigh ACP canary still required,J-26,Lea,A new Goal while one is live returns replace-required with the exact current Run and leaves the live Goal unchanged.,docs/qa/reports/2026-07-11-goal-execution.md,/Users/pedronauck/dev/qa-labs/compozy-goal-task-08-20260711-20260711-131157-346225-lab/qa-artifacts/qa/teardown.json;/Users/pedronauck/dev/qa-labs/compozy-goal-task-08-20260711-alpha-20260711-132716-618585-lab/qa-artifacts/qa/teardown.json,,CH-046,fixed-and-verified,docs/qa/evidence/2026-09-10-qa-execution-unblock/busy-goal-feedback-proof.json;docs/qa/evidence/2026-09-10-qa-execution-unblock/goal-replacement-proof.json,Required/stale/preparation-failure preserve current Goal; busy feedback repaired and exact Run prefill re-walked; successor approved with real Cursor and retained after Web reload. Finite40-read continuity sample; separate TA094 daemon-restart branch remains pending.
GL-010,blocked-verify,standard_local_execution_candidate,no_separate_external_prerequisite_identified,Replace one live Goal atomically,docs/qa/scenarios/GL-010.md,Document-based feasibility estimate; not an executed verdict; Codex Luna xhigh ACP canary still required,J-26,Lea,An exact expected-Run replacement prepares first then swaps atomically so exactly one live session Goal is visible and recoverable.,docs/qa/reports/2026-07-11-goal-execution.md,/Users/pedronauck/dev/qa-labs/compozy-goal-task-08-20260711-20260711-131157-346225-lab/qa-artifacts/qa/teardown.json;/Users/pedronauck/dev/qa-labs/compozy-goal-task-08-20260711-alpha-20260711-132716-618585-lab/qa-artifacts/qa/teardown.json,,CH-046;CH-047,verified,docs/qa/evidence/2026-09-10-qa-execution-unblock/busy-goal-feedback-proof.json;docs/qa/evidence/2026-09-10-qa-execution-unblock/goal-replacement-proof.json,Required/stale/preparation-failure preserve current Goal; busy feedback repaired and exact Run prefill re-walked; successor approved with real Cursor and retained after Web reload. Finite40-read continuity sample; separate TA094 daemon-restart branch remains pending.
GL-011,blocked-verify,standard_local_execution_candidate,no_separate_external_prerequisite_identified,Preserve the current Goal on stale or failed replacement,docs/qa/scenarios/GL-011.md,Document-based feasibility estimate; not an executed verdict; Codex Luna xhigh ACP canary still required,J-26,Lea,A stale expected Run or candidate preparation failure returns a deterministic reason and preserves the current Goal without partial successor state.,docs/qa/reports/2026-07-11-goal-execution.md,/Users/pedronauck/dev/qa-labs/compozy-goal-task-08-20260711-20260711-131157-346225-lab/qa-artifacts/qa/teardown.json;/Users/pedronauck/dev/qa-labs/compozy-goal-task-08-20260711-alpha-20260711-132716-618585-lab/qa-artifacts/qa/teardown.json,,CH-046;CH-047,verified,docs/qa/evidence/2026-09-10-qa-execution-unblock/busy-goal-feedback-proof.json;docs/qa/evidence/2026-09-10-qa-execution-unblock/goal-replacement-proof.json,Required/stale/preparation-failure preserve current Goal; busy feedback repaired and exact Run prefill re-walked; successor approved with real Cursor and retained after Web reload. Finite40-read continuity sample; separate TA094 daemon-restart branch remains pending.
GL-012,blocked-verify,standard_local_execution_candidate,no_separate_external_prerequisite_identified,Start after terminal blocked without resuming it,docs/qa/scenarios/GL-012.md,Document-based feasibility estimate; not an executed verdict; Codex Luna xhigh ACP canary still required,J-26,Lea,A blocked Goal is terminal and a new Goal starts directly; no Resume action is offered for the blocked Run.,docs/qa/reports/2026-07-11-goal-execution.md,/Users/pedronauck/dev/qa-labs/compozy-goal-task-08-20260711-20260711-131157-346225-lab/qa-artifacts/qa/teardown.json;/Users/pedronauck/dev/qa-labs/compozy-goal-task-08-20260711-alpha-20260711-132716-618585-lab/qa-artifacts/qa/teardown.json,,CH-046;CH-047,verified,docs/qa/evidence/2026-09-10-qa-execution-unblock/goal-blocked-proof.json,"Blocked/exhausted Goal has no Resume; CLI resume rejected. Plain new Web Goal starts directly; prior Run retained, successor approved/Done after reload, stop confirmed. Official skill wording corrected; product already matched scenario."
GL-013,blocked-verify,conditional_local_preparation,controlled_goal_boundary_or_telemetry,Admit draft only while the session is idle,docs/qa/scenarios/GL-013.md,Document-based feasibility estimate; not an executed verdict; Codex Luna xhigh ACP canary still required,J-26,Lea,An admitted draft streams and prefills an expanded Goal with no residue while both already-busy and idle-at-parse/busy-at-submit races conflict before SSE without preemption.,docs/qa/reports/2026-07-11-goal-execution.md,/Users/pedronauck/dev/qa-labs/compozy-goal-task-08-20260711-20260711-131157-346225-lab/qa-artifacts/qa/teardown.json;/Users/pedronauck/dev/qa-labs/compozy-goal-task-08-20260711-alpha-20260711-132716-618585-lab/qa-artifacts/qa/teardown.json,,CH-046,pending,,Not executed in this round.
GL-014,blocked-verify,conditional_local_preparation,controlled_goal_boundary_or_telemetry,Render the truthful Goal chip state matrix,docs/qa/scenarios/GL-014.md,Document-based feasibility estimate; not an executed verdict; Codex Luna xhigh ACP canary still required,J-27,Marina,The chip shows the six Goal statuses effective turn limit and known/unknown/pending context without fabricated values; clearing newest B yields null rather than older A.,docs/qa/reports/2026-07-11-goal-execution.md,/Users/pedronauck/dev/qa-labs/compozy-goal-task-08-20260711-20260711-131157-346225-lab/qa-artifacts/qa/teardown.json;/Users/pedronauck/dev/qa-labs/compozy-goal-task-08-20260711-alpha-20260711-132716-618585-lab/qa-artifacts/qa/teardown.json,,CH-048;CH-040,pending,,Not executed in this round.
GL-015,blocked-verify,standard_local_execution_candidate,no_separate_external_prerequisite_identified,Keep turn and transcript history in total order,docs/qa/scenarios/GL-015.md,Document-based feasibility estimate; not an executed verdict; Codex Luna xhigh ACP canary still required,J-27,Marina,Turn pagination and reconnect produce no gaps or duplicates while stop reason nullable verdict and persisted work/continuation/compaction tags survive reload.,docs/qa/reports/2026-07-11-goal-execution.md,/Users/pedronauck/dev/qa-labs/compozy-goal-task-08-20260711-20260711-131157-346225-lab/qa-artifacts/qa/teardown.json;/Users/pedronauck/dev/qa-labs/compozy-goal-task-08-20260711-alpha-20260711-132716-618585-lab/qa-artifacts/qa/teardown.json,,CH-048;CH-040,pending,,Not executed in this round.
GL-016,blocked-verify,standard_local_execution_candidate,no_separate_external_prerequisite_identified,Filter and label session-origin Runs,docs/qa/scenarios/GL-016.md,Document-based feasibility estimate; not an executed verdict; Codex Luna xhigh ACP canary still required,J-27,Marina,Runs labels and origin/origin-session filters persist in route state and return only the exact workspace-safe catalog or session set.,docs/qa/reports/2026-07-11-goal-execution.md,/Users/pedronauck/dev/qa-labs/compozy-goal-task-08-20260711-20260711-131157-346225-lab/qa-artifacts/qa/teardown.json;/Users/pedronauck/dev/qa-labs/compozy-goal-task-08-20260711-alpha-20260711-132716-618585-lab/qa-artifacts/qa/teardown.json,,CH-048,pending,,Not executed in this round.
GL-017,blocked-verify,conditional_local_preparation,controlled_goal_boundary_or_telemetry,Judge end-turn and max-turn-requests correctly,docs/qa/scenarios/GL-017.md,Document-based feasibility estimate; not an executed verdict; Codex Luna xhigh ACP canary still required,J-28,Bruno,Both stop reasons finalize and run the judge while max-turn-requests never becomes UsageLimited.,docs/qa/reports/2026-07-11-goal-execution.md,/Users/pedronauck/dev/qa-labs/compozy-goal-task-08-20260711-20260711-131157-346225-lab/qa-artifacts/qa/teardown.json;/Users/pedronauck/dev/qa-labs/compozy-goal-task-08-20260711-alpha-20260711-132716-618585-lab/qa-artifacts/qa/teardown.json,,CH-041,pending,,Not executed in this round.
GL-018,blocked-verify,conditional_local_preparation,controlled_goal_boundary_or_telemetry,Recover max-tokens without replay,docs/qa/scenarios/GL-018.md,Document-based feasibility estimate; not an executed verdict; Codex Luna xhigh ACP canary still required,J-28,Bruno,Max-tokens consumes one turn and uses correlated compaction or one fenced reseed; a session-origin move requires approval and exposes the active bound session.,docs/qa/reports/2026-07-11-goal-execution.md,/Users/pedronauck/dev/qa-labs/compozy-goal-task-08-20260711-20260711-131157-346225-lab/qa-artifacts/qa/teardown.json;/Users/pedronauck/dev/qa-labs/compozy-goal-task-08-20260711-alpha-20260711-132716-618585-lab/qa-artifacts/qa/teardown.json,,CH-041,pending,,Not executed in this round.
GL-019,blocked-verify,conditional_local_preparation,controlled_goal_boundary_or_telemetry,Never judge refused or cancelled partial output,docs/qa/scenarios/GL-019.md,Document-based feasibility estimate; not an executed verdict; Codex Luna xhigh ACP canary still required,J-28,Bruno,Refusal and cancellation persist truthful causes run no judge on partial output and take only the specified approval/pause/terminal branch.,docs/qa/reports/2026-07-14-consumer-saas-growth.md,/Users/pedronauck/dev/qa-labs/compozy-consumer-saas-growth-20260714-194637-422214-lab/qa-artifacts/qa/provider-attempt.json; /Users/pedronauck/dev/qa-labs/compozy-consumer-saas-growth-20260714-194637-422214-lab/qa-artifacts/qa/judge-attribution/,BUG-20260713-goal-clear-generic-failure,CH-041,pending,,Not executed in this round.
GL-020,blocked-verify,conditional_local_preparation,controlled_goal_boundary_or_telemetry,Distinguish reported silent stale and pending context,docs/qa/scenarios/GL-020.md,Document-based feasibility estimate; not an executed verdict; Codex Luna xhigh ACP canary still required,J-28,Bruno,Reporting and silent agents plus stale/new telemetry render known unknown or pending exactly and zero ratio disables proactive compaction after restart.,docs/qa/reports/2026-07-11-goal-execution.md,/Users/pedronauck/dev/qa-labs/compozy-goal-task-08-20260711-20260711-131157-346225-lab/qa-artifacts/qa/teardown.json;/Users/pedronauck/dev/qa-labs/compozy-goal-task-08-20260711-alpha-20260711-132716-618585-lab/qa-artifacts/qa/teardown.json,,CH-041,pending,,Not executed in this round.
GL-021,blocked-verify,conditional_local_preparation,controlled_goal_boundary_or_telemetry,Fence nested token and wall budgets,docs/qa/scenarios/GL-021.md,Document-based feasibility estimate; not an executed verdict; Codex Luna xhigh ACP canary still required,J-28,Bruno,Fresh synchronous usage checks prevent post-crossing effects and exact settle-current/work-and-settle grants authorize only their recorded turn and cause.,docs/qa/reports/2026-07-11-goal-execution.md,/Users/pedronauck/dev/qa-labs/compozy-goal-task-08-20260711-20260711-131157-346225-lab/qa-artifacts/qa/teardown.json;/Users/pedronauck/dev/qa-labs/compozy-goal-task-08-20260711-alpha-20260711-132716-618585-lab/qa-artifacts/qa/teardown.json,,CH-042,pending,,Not executed in this round.
GL-022,blocked-verify,standard_local_execution_candidate,no_separate_external_prerequisite_identified,Author only the closed Goal editor schema,docs/qa/scenarios/GL-022.md,Document-based feasibility estimate; not an executed verdict; Codex Luna xhigh ACP canary still required,J-27,Bruno,The editor exposes agent objective supported judges max_turns halt/escalate continuous session and retry.max_attempts and surfaces exact shared-linter errors for invalid shapes.,docs/qa/reports/2026-07-11-goal-execution.md,/Users/pedronauck/dev/qa-labs/compozy-goal-task-08-20260711-20260711-131157-346225-lab/qa-artifacts/qa/teardown.json;/Users/pedronauck/dev/qa-labs/compozy-goal-task-08-20260711-alpha-20260711-132716-618585-lab/qa-artifacts/qa/teardown.json,,CH-040;CH-045,pending,,Not executed in this round.
GL-023,blocked-verify,standard_local_execution_candidate,no_separate_external_prerequisite_identified,Run a Goal and run-agent graph without generation drift,docs/qa/scenarios/GL-023.md,Document-based feasibility estimate; not an executed verdict; Codex Luna xhigh ACP canary still required,J-27,Bruno,A published Goal plus run-agent composition nests Goal turns under the unchanged Loop generation topology.,docs/qa/reports/2026-07-11-goal-execution.md,/Users/pedronauck/dev/qa-labs/compozy-goal-task-08-20260711-20260711-131157-346225-lab/qa-artifacts/qa/teardown.json;/Users/pedronauck/dev/qa-labs/compozy-goal-task-08-20260711-alpha-20260711-132716-618585-lab/qa-artifacts/qa/teardown.json,,CH-045,pending,,Not executed in this round.
GL-024,blocked-verify,standard_local_execution_candidate,no_separate_external_prerequisite_identified,Continue a started Goal after catalog mutation,docs/qa/scenarios/GL-024.md,Document-based feasibility estimate; not an executed verdict; Codex Luna xhigh ACP canary still required,J-27,Bruno,A started editor Goal continues and recovers from its pinned executed-definition snapshot after the mutable catalog entry changes or disappears.,docs/qa/reports/2026-07-11-goal-execution.md,/Users/pedronauck/dev/qa-labs/compozy-goal-task-08-20260711-20260711-131157-346225-lab/qa-artifacts/qa/teardown.json;/Users/pedronauck/dev/qa-labs/compozy-goal-task-08-20260711-alpha-20260711-132716-618585-lab/qa-artifacts/qa/teardown.json,,CH-045,pending,,Not executed in this round.
GL-027,blocked-verify,standard_local_execution_candidate,no_separate_external_prerequisite_identified,Keep internal slash text literal,docs/qa/scenarios/GL-027.md,Document-based feasibility estimate; not an executed verdict; Codex Luna xhigh ACP canary still required,J-29,Ada,Automation network extension binder and synthetic prompt sources containing `/goal` remain literal and create no Goal Run.,docs/qa/reports/2026-07-11-goal-execution.md,/Users/pedronauck/dev/qa-labs/compozy-goal-task-08-20260711-20260711-131157-346225-lab/qa-artifacts/qa/teardown.json;/Users/pedronauck/dev/qa-labs/compozy-goal-task-08-20260711-alpha-20260711-132716-618585-lab/qa-artifacts/qa/teardown.json,,CH-043,pending,,Not executed in this round.
GL-028,blocked-verify,standard_local_execution_candidate,no_separate_external_prerequisite_identified,Expose truthful native Goal tool lifecycle,docs/qa/scenarios/GL-028.md,Document-based feasibility estimate; not an executed verdict; Codex Luna xhigh ACP canary still required,J-29,Ada,Goal get/report/turn tools have dynamic availability revalidate exact identity persist one boundary intent and return deterministic terminal/stale/conflict reasons.,docs/qa/reports/2026-07-28-untested-full.md,/Users/pedronauck/dev/qa-labs/compozy-goal-task-08-20260711-20260711-131157-346225-lab/qa-artifacts/qa/teardown.json;/Users/pedronauck/dev/qa-labs/compozy-goal-task-08-20260711-alpha-20260711-132716-618585-lab/qa-artifacts/qa/teardown.json;/Users/pedronauck/dev/qa-labs/compozy-qa-gl-rel-wave1-20260730-045845-838751-lab/qa-artifacts/qa,,CH-043,pending,,Not executed in this round.
GL-029,blocked-verify,conditional_local_preparation,controlled_goal_boundary_or_telemetry,Recover safely across every prompt effect phase,docs/qa/scenarios/GL-029.md,Document-based feasibility estimate; not an executed verdict; Codex Luna xhigh ACP canary still required,J-29,Ada,Restart before claim or while queued reattaches known work while a claimed effect without exact proof becomes one ambiguity approval and is never replayed.,docs/qa/reports/2026-07-11-goal-execution.md,/Users/pedronauck/dev/qa-labs/compozy-goal-task-08-20260711-20260711-131157-346225-lab/qa-artifacts/qa/teardown.json;/Users/pedronauck/dev/qa-labs/compozy-goal-task-08-20260711-alpha-20260711-132716-618585-lab/qa-artifacts/qa/teardown.json,,CH-044,pending,,Not executed in this round.
GL-030,blocked-verify,standard_local_execution_candidate,no_separate_external_prerequisite_identified,Choose one winner in a same-session start race,docs/qa/scenarios/GL-030.md,Document-based feasibility estimate; not an executed verdict; Codex Luna xhigh ACP canary still required,J-29,Ada,Concurrent starts create exactly one live session Goal and every loser receives deterministic replace-required without partial state.,docs/qa/reports/2026-07-11-goal-execution.md,/Users/pedronauck/dev/qa-labs/compozy-goal-task-08-20260711-20260711-131157-346225-lab/qa-artifacts/qa/teardown.json;/Users/pedronauck/dev/qa-labs/compozy-goal-task-08-20260711-alpha-20260711-132716-618585-lab/qa-artifacts/qa/teardown.json,,CH-044,pending,,Not executed in this round.
GL-031,blocked-verify,conditional_local_preparation,controlled_goal_boundary_or_telemetry,Fence revoke dispatch and completion races,docs/qa/scenarios/GL-031.md,Document-based feasibility estimate; not an executed verdict; Codex Luna xhigh ACP canary still required,J-29,Ada,Pause Clear Replace and Stop races produce one authoritative control outcome with no stale prompt dispatch write or removed human queue entry.,docs/qa/reports/2026-07-11-goal-execution.md,/Users/pedronauck/dev/qa-labs/compozy-goal-task-08-20260711-20260711-131157-346225-lab/qa-artifacts/qa/teardown.json;/Users/pedronauck/dev/qa-labs/compozy-goal-task-08-20260711-alpha-20260711-132716-618585-lab/qa-artifacts/qa/teardown.json,,CH-044,pending,,Not executed in this round.
GL-032,blocked-verify,conditional_local_preparation,controlled_goal_boundary_or_telemetry,Keep one active binding epoch through races,docs/qa/scenarios/GL-032.md,Document-based feasibility estimate; not an executed verdict; Codex Luna xhigh ACP canary still required,J-29,Ada,Concurrent creation adoption and reseed leave one active binding epoch close the prior epoch first and expose any moved session truthfully.,docs/qa/reports/2026-07-11-goal-execution.md,/Users/pedronauck/dev/qa-labs/compozy-goal-task-08-20260711-20260711-131157-346225-lab/qa-artifacts/qa/teardown.json;/Users/pedronauck/dev/qa-labs/compozy-goal-task-08-20260711-alpha-20260711-132716-618585-lab/qa-artifacts/qa/teardown.json,,CH-044,pending,,Not executed in this round.
GL-033,blocked-verify,standard_local_execution_candidate,no_separate_external_prerequisite_identified,Operate Goal without color mouse or motion,docs/qa/scenarios/GL-033.md,Document-based feasibility estimate; not an executed verdict; Codex Luna xhigh ACP canary still required,J-27,Sol,Chip timeline actions affordances and editor feedback are keyboard/screen-reader operable announced and understandable without color or animation.,docs/qa/reports/2026-07-11-goal-execution.md,/Users/pedronauck/dev/qa-labs/compozy-goal-task-08-20260711-20260711-131157-346225-lab/qa-artifacts/qa/teardown.json;/Users/pedronauck/dev/qa-labs/compozy-goal-task-08-20260711-alpha-20260711-132716-618585-lab/qa-artifacts/qa/teardown.json,,CH-040,pending,,Not executed in this round.
GL-035,blocked-verify,standard_local_execution_candidate,no_separate_external_prerequisite_identified,Discover externally changed Goals without polling,docs/qa/scenarios/GL-035.md,Document-based feasibility estimate; not an executed verdict; Codex Luna xhigh ACP canary still required,J-27,Marina,A page opened at null discovers external start replace clear and moved-binding reseed exactly once over the session stream and survives reconnect cursor replay.,docs/qa/reports/2026-07-11-goal-execution.md,/Users/pedronauck/dev/qa-labs/compozy-goal-task-08-20260711-20260711-131157-346225-lab/qa-artifacts/qa/teardown.json;/Users/pedronauck/dev/qa-labs/compozy-goal-task-08-20260711-alpha-20260711-132716-618585-lab/qa-artifacts/qa/teardown.json,,CH-048;CH-040,pending,,Not executed in this round.
GL-036,blocked-verify,conditional_local_preparation,controlled_goal_boundary_or_telemetry,Recover durable report intent across restart,docs/qa/scenarios/GL-036.md,Document-based feasibility estimate; not an executed verdict; Codex Luna xhigh ACP canary still required,J-29,Ada,A report intent survives restart identical retry dedupes conflicting or stale identity fails and matching settlement consumes the intent once.,docs/qa/reports/2026-07-28-untested-full.md,/Users/pedronauck/dev/qa-labs/compozy-goal-task-08-20260711-20260711-131157-346225-lab/qa-artifacts/qa/teardown.json;/Users/pedronauck/dev/qa-labs/compozy-goal-task-08-20260711-alpha-20260711-132716-618585-lab/qa-artifacts/qa/teardown.json;/Users/pedronauck/dev/qa-labs/compozy-qa-gl-rel-wave1-20260730-045845-838751-lab/qa-artifacts/qa,,CH-043;CH-044,pending,,Not executed in this round.
GL-037,blocked-verify,conditional_local_preparation,controlled_goal_boundary_or_telemetry,Never replay an ambiguous judge attempt,docs/qa/scenarios/GL-037.md,Document-based feasibility estimate; not an executed verdict; Codex Luna xhigh ACP canary still required,J-29,Ada,Command agent and extension judge attempts with completed evidence resume while running-without-result becomes ambiguity approval and no evaluator reruns.,docs/qa/reports/2026-07-11-goal-execution.md,/Users/pedronauck/dev/qa-labs/compozy-goal-task-08-20260711-20260711-131157-346225-lab/qa-artifacts/qa/teardown.json;/Users/pedronauck/dev/qa-labs/compozy-goal-task-08-20260711-alpha-20260711-132716-618585-lab/qa-artifacts/qa/teardown.json,,CH-044,pending,,Not executed in this round.
GL-038,blocked-verify,conditional_local_preparation,controlled_goal_boundary_or_telemetry,Fence a queued prompt after budget crossing,docs/qa/scenarios/GL-038.md,Document-based feasibility estimate; not an executed verdict; Codex Luna xhigh ACP canary still required,J-28,Bruno,A prepared entry waiting for readiness starts no work after a token or wall crossing and a matching grant authorizes only the recorded turn closure.,docs/qa/reports/2026-07-11-goal-execution.md,/Users/pedronauck/dev/qa-labs/compozy-goal-task-08-20260711-20260711-131157-346225-lab/qa-artifacts/qa/teardown.json;/Users/pedronauck/dev/qa-labs/compozy-goal-task-08-20260711-alpha-20260711-132716-618585-lab/qa-artifacts/qa/teardown.json,,CH-042,pending,,Not executed in this round.
GL-039,blocked-verify,conditional_local_preparation,controlled_goal_boundary_or_telemetry,Reconcile control commit before notifier exactly once,docs/qa/scenarios/GL-039.md,Document-based feasibility estimate; not an executed verdict; Codex Luna xhigh ACP canary still required,J-29,Ada,A crash after control_pending commit and before notifier publication settles the real control once with no transient success event or duplicate successor.,docs/qa/reports/2026-07-11-goal-execution.md,/Users/pedronauck/dev/qa-labs/compozy-goal-task-08-20260711-20260711-131157-346225-lab/qa-artifacts/qa/teardown.json;/Users/pedronauck/dev/qa-labs/compozy-goal-task-08-20260711-alpha-20260711-132716-618585-lab/qa-artifacts/qa/teardown.json,,CH-044,pending,,Not executed in this round.
GL-040,blocked-verify,conditional_local_preparation,controlled_goal_boundary_or_telemetry,Consume one session-origin reseed approval,docs/qa/scenarios/GL-040.md,Document-based feasibility estimate; not an executed verdict; Codex Luna xhigh ACP canary still required,J-28,Ada,Concurrent approval and restart create one durable reseed grant one successor binding and no repeated confirmation while preserving origin ownership.,docs/qa/reports/2026-07-11-goal-execution.md,/Users/pedronauck/dev/qa-labs/compozy-goal-task-08-20260711-20260711-131157-346225-lab/qa-artifacts/qa/teardown.json;/Users/pedronauck/dev/qa-labs/compozy-goal-task-08-20260711-alpha-20260711-132716-618585-lab/qa-artifacts/qa/teardown.json,,CH-042;CH-041,pending,,Not executed in this round.
GL-judge-session-contract,blocked-verify,conditional_local_preparation,controlled_goal_boundary_or_telemetry,Constrain and clean up every Goal judge session,docs/qa/scenarios/GL-judge-session-contract.md,Document-based feasibility estimate; not an executed verdict; Codex Luna xhigh ACP canary still required,J-26,Lea,"Each agent command-judge attempt has a verdict-only capability boundary, captures one schema-valid verdict or one bounded typed failure, and releases its temporary session and process on success malformed output failure cancellation and replay.",docs/qa/reports/2026-07-14-consumer-saas-growth.md,/Users/pedronauck/dev/qa-labs/compozy-consumer-saas-growth-20260714-194637-422214-lab/qa-artifacts/qa/provider-attempt.json; /Users/pedronauck/dev/qa-labs/compozy-consumer-saas-growth-20260714-194637-422214-lab/qa-artifacts/qa/judge-attribution/,BUG-20260713-goal-judge-unconstrained-leaks-session,CH-judge-session-attribution,pending,,Not executed in this round.
LP-005,blocked-verify,standard_local_execution_candidate,no_separate_external_prerequisite_identified,Recover observation after closing the run tab,docs/qa/scenarios/LP-005.md,Document-based feasibility estimate; not an executed verdict; Codex Luna xhigh ACP canary still required,J-01,Bruno,Closing the tab mid-run leaves the run running server-side; it is re-findable via global Runs with meters and timeline intact.,docs/qa/reports/2026-07-28-untested-full.md,docs/qa/evidence/2026-07-06-loops/screenshots/runs.png;docs/qa/evidence/2026-07-06-loops/screenshots/diff/runs.png;docs/qa/evidence/2026-07-06-loops/e2e-runtime.log;docs/qa/evidence/2026-07-06-loops/e2e-web.log;/Users/pedronauck/dev/qa-labs/compozy-lp-public-interface-20260730-060347-933555-lab/qa-artifacts/qa,,CH-012,pending,,Not executed in this round.
LP-009,blocked-verify,standard_local_execution_candidate,no_separate_external_prerequisite_identified,Approve the human gate and resume to done,docs/qa/scenarios/LP-009.md,Document-based feasibility estimate; not an executed verdict; Codex Luna xhigh ACP canary still required,J-03,Marina,"Approve & resume routes the gate decision, the coordinator resumes, and the run reaches a truthful terminal done.",docs/qa/reports/2026-07-28-untested-full.md,docs/qa/evidence/2026-07-06-loops/screenshots/run-detail.png;docs/qa/evidence/2026-07-06-loops/screenshots/diff/run-detail.png;docs/qa/evidence/2026-07-06-loops/screenshots/mobile/run-detail-needs-approval-mobile.png;docs/qa/evidence/2026-07-06-loops/e2e-runtime.log;/Users/pedronauck/dev/qa-labs/compozy-lp-public-interface-20260730-060347-933555-lab/qa-artifacts/qa,,CH-002,pending,,Not executed in this round.
LP-014,blocked-verify,standard_local_execution_candidate,no_separate_external_prerequisite_identified,Pause a run at a generation boundary and resume,docs/qa/scenarios/LP-014.md,Document-based feasibility estimate; not an executed verdict; Codex Luna xhigh ACP canary still required,J-04,Bruno,"Pause sets intent while status stays running until the boundary, then flips to paused; Resume returns to running and reaches a terminal from the snapshot.",docs/qa/reports/2026-07-28-untested-full.md,docs/qa/evidence/2026-07-06-loops/screenshots/run-detail.png;docs/qa/evidence/2026-07-06-loops/screenshots/diff/run-detail.png;docs/qa/evidence/2026-07-06-loops/e2e-runtime.log;/Users/pedronauck/dev/qa-labs/compozy-lp-public-interface-20260730-060347-933555-lab/qa-artifacts/qa,,CH-003,pending,,Not executed in this round.
LP-017,blocked-verify,standard_local_execution_candidate,no_separate_external_prerequisite_identified,"Configure checks, gate, strategy, and limits (no fork)",docs/qa/scenarios/LP-017.md,Document-based feasibility estimate; not an executed verdict; Codex Luna xhigh ACP canary still required,J-05,Bruno,"The Configure sheet toggles checks with a conditional command field, toggles the human gate, selects the re-attempt strategy, clamps limits, and Saves to loop_config reflected on the next run.",docs/qa/reports/2026-07-28-untested-full.md,docs/qa/evidence/2026-07-06-loops/screenshots/configure.png;docs/qa/evidence/2026-07-06-loops/screenshots/diff/configure.png;docs/qa/evidence/2026-07-06-loops/screenshots/mobile/configure-mobile.png;docs/qa/evidence/2026-07-06-loops/e2e-runtime.log;docs/qa/evidence/2026-07-06-loops/e2e-web.log;/Users/pedronauck/dev/qa-labs/compozy-automation-features-20260713-20260713-044543-173594-lab/qa-artifacts/qa/screenshots/ch-006-saved-config-sheet.png;/Users/pedronauck/dev/qa-labs/compozy-automation-features-20260713-20260713-044543-173594-lab/qa-artifacts/qa/screenshots/ch-006-stale-run-preview.png;/Users/pedronauck/dev/qa-labs/compozy-automation-features-20260713-20260713-044543-173594-lab/qa-artifacts/qa/screenshots/ch-006-effective-config-run.png;/Users/pedronauck/dev/qa-labs/compozy-automation-features-20260713-20260713-044543-173594-lab/qa-artifacts/qa/screenshots/ch-006-effective-config-preview-fixed.dom.txt;/Users/pedronauck/dev/qa-labs/compozy-automation-features-20260713-20260713-044543-173594-lab/qa-artifacts/qa/screenshots/ch-006-loop-run-override-fixed.png;/Users/pedronauck/dev/qa-labs/compozy-lp-public-interface-20260730-060347-933555-lab/qa-artifacts/qa;/Users/pedronauck/dev/qa-labs/compozy-root-fixes-retest-20260730-072350-328928-lab/qa-artifacts/qa/evidence/root-fixes/public-replay.md,BUG-20260713-loop-preview-ignores-config;BUG-20260730-loop-config-unknown-fields,CH-006,pending,,Not executed in this round.
LP-018,blocked-verify,standard_local_execution_candidate,no_separate_external_prerequisite_identified,Clamp per-loop limit overrides with no cost cap,docs/qa/scenarios/LP-018.md,Document-based feasibility estimate; not an executed verdict; Codex Luna xhigh ACP canary still required,J-05,Bruno,Per-loop limit overrides clamp at the daemon ceiling and the sheet exposes NO Cost cap input (cost is display-only).,docs/qa/reports/2026-07-28-untested-full.md,docs/qa/evidence/2026-07-06-loops/screenshots/configure.png;docs/qa/evidence/2026-07-06-loops/screenshots/diff/configure.png;docs/qa/evidence/2026-07-06-loops/screenshots/mobile/configure-mobile.png;docs/qa/evidence/2026-07-06-loops/e2e-web.log;/Users/pedronauck/dev/qa-labs/compozy-lp-public-interface-20260730-060347-933555-lab/qa-artifacts/qa,,CH-006,pending,,Not executed in this round.
LP-019,blocked-verify,standard_local_execution_candidate,no_separate_external_prerequisite_identified,Keep structural fields non-editable in Configure,docs/qa/scenarios/LP-019.md,Document-based feasibility estimate; not an executed verdict; Codex Luna xhigh ACP canary still required,J-05,Bruno,"Node order/kinds, input declarations, terminal states, and goal/DoD are non-editable here and link to fork; non-command criteria are locked on.",docs/qa/reports/2026-07-28-untested-full.md,docs/qa/evidence/2026-07-06-loops/screenshots/configure.png;docs/qa/evidence/2026-07-06-loops/screenshots/diff/configure.png;docs/qa/evidence/2026-07-06-loops/e2e-web.log;/Users/pedronauck/dev/qa-labs/compozy-lp-public-interface-20260730-060347-933555-lab/qa-artifacts/qa,,CH-006,pending,,Not executed in this round.
LP-020,blocked-verify,standard_local_execution_candidate,no_separate_external_prerequisite_identified,"Cancel Configure without writing, focus intact",docs/qa/scenarios/LP-020.md,Document-based feasibility estimate; not an executed verdict; Codex Luna xhigh ACP canary still required,J-05,Sol,Editing then cancelling/closing the sheet writes nothing and reopening shows the last saved config; the sheet traps and releases focus for keyboard/screen-reader use.,docs/qa/reports/2026-07-28-untested-full.md,docs/qa/evidence/2026-07-06-loops/screenshots/mobile/configure-mobile.png;docs/qa/evidence/2026-07-06-loops/screenshots/configure.png;docs/qa/evidence/2026-07-06-loops/screenshots/diff/configure.png;docs/qa/evidence/2026-07-06-loops/e2e-web.log;/Users/pedronauck/dev/qa-labs/compozy-lp-public-interface-20260730-060347-933555-lab/qa-artifacts/qa,,CH-013,pending,,Not executed in this round.
LP-021,blocked-verify,standard_local_execution_candidate,no_separate_external_prerequisite_identified,Fork a read-only Loop and add a node in the editor,docs/qa/scenarios/LP-021.md,Document-based feasibility estimate; not an executed verdict; Codex Luna xhigh ACP canary still required,J-06,Bruno,"Fork opens a writable draft with an Unsaved-changes chip; the palette adds a node and the inspector swaps on node select, rendered from the canonical DSL types.",docs/qa/reports/2026-07-28-untested-full.md,docs/qa/evidence/2026-07-06-loops/screenshots/editor.png;docs/qa/evidence/2026-07-06-loops/screenshots/diff/editor.png;docs/qa/evidence/2026-07-06-loops/e2e-web.log;/Users/pedronauck/dev/qa-labs/compozy-lp-public-interface-20260730-060347-933555-lab/qa-artifacts/qa,BUG-20260713-loop-fork-internal-error,CH-007,pending,,Not executed in this round.
LP-022,blocked-verify,standard_local_execution_candidate,no_separate_external_prerequisite_identified,Gate publish on the shared linter's per-node verdict,docs/qa/scenarios/LP-022.md,Document-based feasibility estimate; not an executed verdict; Codex Luna xhigh ACP canary still required,J-06,Bruno,A fan_out_ceiling_exceeded issue maps onto the node and disables Publish; lowering max_fan_out <= 64 clears it and enables Publish (the GUI never owns invariants).,docs/qa/reports/2026-07-28-untested-full.md,docs/qa/evidence/2026-07-06-loops/screenshots/editor.png;docs/qa/evidence/2026-07-06-loops/screenshots/diff/editor.png;docs/qa/evidence/2026-07-06-loops/e2e-runtime.log;docs/qa/evidence/2026-07-06-loops/e2e-web.log;/Users/pedronauck/dev/qa-labs/compozy-lp-public-interface-20260730-060347-933555-lab/qa-artifacts/qa,,CH-007,pending,,Not executed in this round.
LP-023,blocked-verify,standard_local_execution_candidate,no_separate_external_prerequisite_identified,Round-trip Graph/DSL and persist positions in the sidecar,docs/qa/scenarios/LP-023.md,Document-based feasibility estimate; not an executed verdict; Codex Luna xhigh ACP canary still required,J-06,Bruno,"The Graph/DSL toggle renders read-only compozy.loop/v1 with the offending field highlighted; node positions persist via GET/PUT /annotations, never in the definition.",docs/qa/reports/2026-07-28-untested-full.md,docs/qa/evidence/2026-07-06-loops/screenshots/editor.png;docs/qa/evidence/2026-07-06-loops/screenshots/diff/editor.png;docs/qa/evidence/2026-07-06-loops/e2e-runtime.log;docs/qa/evidence/2026-07-06-loops/e2e-web.log;/Users/pedronauck/dev/qa-labs/compozy-lp-public-interface-20260730-060347-933555-lab/qa-artifacts/qa,,CH-007,pending,,Not executed in this round.
LP-024,blocked-verify,standard_local_execution_candidate,no_separate_external_prerequisite_identified,Publish under CAS and run the fork end-to-end,docs/qa/scenarios/LP-024.md,Document-based feasibility estimate; not an executed verdict; Codex Luna xhigh ACP canary still required,J-06,Bruno,Publish bumps meta.version under expected_version CAS (409 on stale) and the forked Loop runs to a terminal outcome (fork->edit->publish->run).,docs/qa/reports/2026-07-28-untested-full.md,docs/qa/evidence/2026-07-06-loops/screenshots/editor.png;docs/qa/evidence/2026-07-06-loops/screenshots/diff/editor.png;docs/qa/evidence/2026-07-06-loops/e2e-runtime.log;docs/qa/evidence/2026-07-06-loops/e2e-web.log;/Users/pedronauck/dev/qa-labs/compozy-lp-public-interface-20260730-060347-933555-lab/qa-artifacts/qa,BUG-20260713-loop-fork-internal-error,CH-007,pending,,Not executed in this round.
LP-025,blocked-verify,standard_local_execution_candidate,no_separate_external_prerequisite_identified,Discover and run a Loop via native tools with surface parity,docs/qa/scenarios/LP-025.md,Document-based feasibility estimate; not an executed verdict; Codex Luna xhigh ACP canary still required,J-07,Ada,"`compozy__loop_list` returns `{loops,facets,page}`, filters, cursor/limit, and a truthful `N of total` preview; inspect returns the rich definition/input schema, and run/status output retains CLI/HTTP/UDS parity for the same inputs.",docs/qa/reports/2026-07-28-untested-full.md,docs/qa/evidence/2026-07-06-loops/e2e-runtime.log;docs/qa/evidence/2026-07-06-loops/ch001-fixed-tools-restored.json;/Users/pedronauck/dev/qa-labs/compozy-lp-public-interface-20260730-060347-933555-lab/qa-artifacts/qa,,CH-004,pending,,Not executed in this round.
LP-026,blocked-verify,standard_local_execution_candidate,no_separate_external_prerequisite_identified,Read the run status as a truthful structured value,docs/qa/scenarios/LP-026.md,Document-based feasibility estimate; not an executed verdict; Codex Luna xhigh ACP canary still required,J-07,Ada,"compozy__loop_status returns one of the 12 states as the literal value, never inferred or coerced, matching the operator/HTTP view.",docs/qa/reports/2026-07-28-untested-full.md,docs/qa/evidence/2026-07-06-loops/e2e-runtime.log;/Users/pedronauck/dev/qa-labs/compozy-lp-public-interface-20260730-060347-933555-lab/qa-artifacts/qa,,CH-004,pending,,Not executed in this round.
LP-027,blocked-verify,standard_local_execution_candidate,no_separate_external_prerequisite_identified,Enforce the approve capability gate with no self-approval,docs/qa/scenarios/LP-027.md,Document-based feasibility estimate; not an executed verdict; Codex Luna xhigh ACP canary still required,J-07,Ada,"An agent cannot approve its own gate; an operator or a different agent can, and tool output redacts tokens hash-form-only.",docs/qa/reports/2026-07-28-untested-full.md,docs/qa/evidence/2026-07-06-loops/e2e-runtime.log;/Users/pedronauck/dev/qa-labs/compozy-lp-public-interface-20260730-060347-933555-lab/qa-artifacts/qa,,CH-004,pending,,Not executed in this round.
LP-028,blocked-verify,conditional_local_preparation,controlled_loop_failure_clock_or_recovery,Return a deterministic Unavailable before the service is ready,docs/qa/scenarios/LP-028.md,Document-based feasibility estimate; not an executed verdict; Codex Luna xhigh ACP canary still required,J-07,Ada,compozy__loop_* returns Unavailable(ReasonDependencyMissing) with a deterministic ReasonCode until loop.Service is ready.,docs/qa/reports/2026-07-28-untested-full.md,docs/qa/evidence/2026-07-06-loops/e2e-runtime.log;/Users/pedronauck/dev/qa-labs/compozy-lp-public-interface-20260730-060347-933555-lab/qa-artifacts/qa,,CH-004,pending,,Not executed in this round.
LP-029,blocked-verify,standard_local_execution_candidate,no_separate_external_prerequisite_identified,"Run review-and-fix through review, remediation, and done",docs/qa/scenarios/LP-029.md,Document-based feasibility estimate; not an executed verdict; Codex Luna xhigh ACP canary still required,J-08,Bruno,"review-and-fix asks the configured reviewer for structured issues, remediates every complete artifact batch through policy-gated fixer sessions, and ends done only after a new review generation returns no issues.",docs/qa/reports/2026-07-28-untested-full.md,/Users/pedronauck/dev/qa-labs/compozy-loops-refac-task-16-20260708-130224-745100-lab/qa-artifacts/qa/logs/review-and-fix-run-start.json;/Users/pedronauck/dev/qa-labs/compozy-loops-refac-task-16-20260708-130224-745100-lab/qa-artifacts/qa/logs/review-and-fix-run-status-2.json;/Users/pedronauck/dev/qa-labs/compozy-loops-refac-task-16-20260708-130224-745100-lab/qa-artifacts/qa/logs/loop-list-after-runs.json;/Users/pedronauck/dev/qa-labs/compozy-loops-refac-task-16-20260708-130224-745100-lab/qa-artifacts/qa/logs/logs-after-review-and-fix-observe.json;/Users/pedronauck/dev/qa-labs/compozy-loops-refac-task-16-20260709-20260709-034751-043179-lab/qa-artifacts/qa/logs/review-and-fix-inspect-20260709.json;/Users/pedronauck/dev/qa-labs/compozy-loops-refac-task-16-20260709-20260709-034751-043179-lab/qa-artifacts/qa/logs/review-and-fix-20260709-run.json;/Users/pedronauck/dev/qa-labs/compozy-loops-refac-task-16-20260709-20260709-034751-043179-lab/qa-artifacts/qa/logs/review-and-fix-20260709-status.json;/Users/pedronauck/dev/qa-labs/compozy-loops-refac-task-16-20260709-20260709-034751-043179-lab/qa-artifacts/qa/logs/review-and-fix-20260709-status-after-poll.json;/Users/pedronauck/dev/qa-labs/compozy-loops-refac-task-16-20260709-20260709-034751-043179-lab/qa-artifacts/qa/logs/review-and-fix-20260709-stop.json;/Users/pedronauck/dev/qa-labs/compozy-loops-refac-task-16-20260709-20260709-034751-043179-lab/qa-artifacts/qa/logs/review-and-fix-bug0022-before-after.log;/Users/pedronauck/dev/qa-labs/compozy-loops-refac-task-16-20260709-20260709-034751-043179-lab/qa-artifacts/qa/logs/review-and-fix-after-fix-run.json;/Users/pedronauck/dev/qa-labs/compozy-loops-refac-task-16-20260709-20260709-034751-043179-lab/qa-artifacts/qa/logs/review-and-fix-after-fix-status-after-poll.json;/Users/pedronauck/dev/qa-labs/compozy-loops-refac-task-16-20260709-20260709-034751-043179-lab/qa-artifacts/qa/logs/review-and-fix-after-fix-stop.json;/Users/pedronauck/dev/qa-labs/compozy-lp-public-interface-20260730-060347-933555-lab/qa-artifacts/qa,BUG-0022,CH-026;CH-005;CH-compozy-agent-authored-review,pending,,Not executed in this round.
LP-030,blocked-verify,standard_local_execution_candidate,no_separate_external_prerequisite_identified,End a clean agent review as done,docs/qa/scenarios/LP-030.md,Document-based feasibility estimate; not an executed verdict; Codex Luna xhigh ACP canary still required,J-08,Bruno,"When the reviewer returns an empty issues array, review-and-fix ends done without creating an artifact round or starting a fixer session.",docs/qa/reports/2026-07-28-untested-full.md,docs/qa/evidence/2026-07-06-loops/screenshots/run-detail.png;docs/qa/evidence/2026-07-06-loops/screenshots/diff/run-detail.png;docs/qa/evidence/2026-07-06-loops/e2e-runtime.log;/Users/pedronauck/dev/qa-labs/compozy-lp-public-interface-20260730-060347-933555-lab/qa-artifacts/qa,,CH-005,pending,,Not executed in this round.
LP-033,blocked-verify,standard_local_execution_candidate,no_separate_external_prerequisite_identified,Read a Loop's declared starts and attached automations,docs/qa/scenarios/LP-033.md,Document-based feasibility estimate; not an executed verdict; Codex Luna xhigh ACP canary still required,J-09,Marina,"The Start bindings panel renders declared `start[]` kinds as read-only chips and pages loop-target jobs/schedules and triggers independently, reporting loaded of exact total with separate loading/error/continuation state.",docs/qa/reports/2026-07-28-untested-full.md,docs/qa/evidence/2026-07-06-loops/screenshots/loop-detail.png;docs/qa/evidence/2026-07-06-loops/screenshots/diff/loop-detail.png;docs/qa/evidence/2026-07-06-loops/e2e-runtime.log;docs/qa/evidence/2026-07-06-loops/e2e-web.log;/Users/pedronauck/dev/qa-labs/compozy-lp-public-interface-20260730-060347-933555-lab/qa-artifacts/qa,,CH-009,pending,,Not executed in this round.
LP-034,blocked-verify,standard_local_execution_candidate,no_separate_external_prerequisite_identified,Attach a schedule/trigger pre-targeted at the Loop,docs/qa/scenarios/LP-034.md,Document-based feasibility estimate; not an executed verdict; Codex Luna xhigh ACP canary still required,J-09,Marina,"Add trigger/schedule opens the existing create sheet pre-targeted, the Target step maps typed inputs, and a saved binding appears in the paged Loop-detail Start bindings panel and fires a real `loop_run`; the catalog shows no binding badge until an exact aggregate exists.",docs/qa/reports/2026-07-28-untested-full.md,docs/qa/evidence/2026-07-06-loops/screenshots/loop-detail.png;docs/qa/evidence/2026-07-06-loops/screenshots/diff/loop-detail.png;docs/qa/evidence/2026-07-06-loops/e2e-runtime.log;/Users/pedronauck/dev/qa-labs/compozy-lp-public-interface-20260730-060347-933555-lab/qa-artifacts/qa,,CH-009;CH-automation-crud-loop-target,pending,,Not executed in this round.
LP-035,blocked-verify,standard_local_execution_candidate,no_separate_external_prerequisite_identified,Reject a start-binding outside the declared allowlist,docs/qa/scenarios/LP-035.md,Document-based feasibility estimate; not an executed verdict; Codex Luna xhigh ACP canary still required,J-09,Marina,"An automation whose kind is not in the Loop's start[] is rejected create-time (422) and fire-time (ReasonCode), never silently dropped; a cross-workspace loop target is rejected.",docs/qa/reports/2026-07-28-untested-full.md,docs/qa/evidence/2026-07-06-loops/e2e-runtime.log;/Users/pedronauck/dev/qa-labs/compozy-lp-public-interface-20260730-060347-933555-lab/qa-artifacts/qa,BUG-20260713-loop-automation-start-mismatch-late; BUG-20260713-workspace-trigger-loop-submit-inert,CH-009;CH-automation-crud-loop-target,pending,,Not executed in this round.
LP-036,blocked-verify,standard_local_execution_candidate,no_separate_external_prerequisite_identified,Observe a channel decision harvested into a run,docs/qa/scenarios/LP-036.md,Document-based feasibility estimate; not an executed verdict; Codex Luna xhigh ACP canary still required,J-10,Bruno,"The run-detail timeline embeds the live channel conversation, highlights the harvested channel_result, and drives the fan-out to a verified done.",docs/qa/reports/2026-07-28-untested-full.md,docs/qa/evidence/2026-07-06-loops/screenshots/run-detail.png;docs/qa/evidence/2026-07-06-loops/screenshots/diff/run-detail.png;docs/qa/evidence/2026-07-06-loops/e2e-runtime.log;/Users/pedronauck/dev/qa-labs/compozy-lp-public-interface-20260730-060347-933555-lab/qa-artifacts/qa,,CH-010,pending,,Not executed in this round.
LP-043,blocked-verify,standard_local_execution_candidate,no_separate_external_prerequisite_identified,Author a watch-events node in the loop editor,docs/qa/scenarios/LP-043.md,Document-based feasibility estimate; not an executed verdict; Codex Luna xhigh ACP canary still required,J-16,Bruno,"The loop editor palette offers a Watch events source entry; the subscription form lists kind (from the supported matrix) plus a CEL filter per entry, validates through the shared linter, and publishes a valid watch-events node.",docs/qa/reports/2026-07-28-untested-full.md,/Users/pedronauck/dev/qa-labs/compozy-loops-refac-task-16-20260708-130224-745100-lab/qa-artifacts/qa/logs/baseline-upstream-task-status.txt;/Users/pedronauck/dev/qa-labs/compozy-loops-refac-task-16-20260708-130224-745100-lab/qa-artifacts/qa/logs/baseline-watch-events-runtime-rg.txt;/Users/pedronauck/dev/qa-labs/compozy-loops-refac-task-16-20260709-20260709-034751-043179-lab/qa-artifacts/qa/logs/web-playwright-onboarding-complete.json;/Users/pedronauck/dev/qa-labs/compozy-loops-refac-task-16-20260709-20260709-034751-043179-lab/qa-artifacts/qa/logs/web-watch-events-editor-playwright.json;/Users/pedronauck/dev/qa-labs/compozy-loops-refac-task-16-20260709-20260709-034751-043179-lab/qa-artifacts/qa/screenshots/web-watch-events-editor-playwright.png;/Users/pedronauck/dev/qa-labs/compozy-loops-refac-task-16-20260709-20260709-034751-043179-lab/qa-artifacts/qa/logs/web-watch-events-vitest-relpath.log;/Users/pedronauck/dev/qa-labs/compozy-lp-public-interface-20260730-060347-933555-lab/qa-artifacts/qa,,CH-022,pending,,Not executed in this round.
LP-046,blocked-verify,standard_local_execution_candidate,no_separate_external_prerequisite_identified,Run a gated loop run-agent session with allowed_tools narrowing,docs/qa/scenarios/LP-046.md,Document-based feasibility estimate; not an executed verdict; Codex Luna xhigh ACP canary still required,J-01,Bruno,"A loop run-agent session is created through the shared policy gate with sandbox + permission posture resolved from the agent profile + workspace defaults; allowed_tools narrows the visible tool set (subset-only), and a tool outside the profile is rejected with the deterministic widening error — never a silent ungated session.",docs/qa/reports/2026-07-28-untested-full.md,/Users/pedronauck/dev/qa-labs/compozy-loops-refac-task-16-20260708-130224-745100-lab/qa-artifacts/qa/logs/software-delivery-run-start.json;/Users/pedronauck/dev/qa-labs/compozy-loops-refac-task-16-20260708-130224-745100-lab/qa-artifacts/qa/logs/software-delivery-run-status-1.json;/Users/pedronauck/dev/qa-labs/compozy-loops-refac-task-16-20260708-130224-745100-lab/qa-artifacts/qa/logs/software-delivery-slug-input-g1-run.json;/Users/pedronauck/dev/qa-labs/compozy-loops-refac-task-16-20260708-130224-745100-lab/qa-artifacts/qa/logs/software-delivery-slug-input-g2-run.json;/Users/pedronauck/dev/qa-labs/compozy-loops-refac-task-16-20260708-130224-745100-lab/qa-artifacts/qa/logs/software-delivery-dry-run.json;/Users/pedronauck/dev/qa-labs/compozy-loops-refac-task-16-bug0021-retest-20260708-132925-584673-lab/qa-artifacts/qa/logs/software-delivery-run-status-2.json;/Users/pedronauck/dev/qa-labs/compozy-loops-refac-task-16-bug0021-retest-20260708-132925-584673-lab/qa-artifacts/qa/logs/load-tasks-g2-run-list.json;/Users/pedronauck/dev/qa-labs/compozy-loops-refac-task-16-bug0021-retest-20260708-132925-584673-lab/qa-artifacts/qa/logs/load-tasks-g2-task-get.json;/Users/pedronauck/dev/qa-labs/compozy-loops-refac-task-16-20260709-20260709-034751-043179-lab/qa-artifacts/qa/logs/session-gating-regressions.jsonl;/Users/pedronauck/dev/qa-labs/compozy-loops-refac-task-16-20260709-20260709-034751-043179-lab/qa-artifacts/qa/logs/software-delivery-after-relative-fix-execute-task-get.json;/Users/pedronauck/dev/qa-labs/compozy-lp-public-interface-20260730-060347-933555-lab/qa-artifacts/qa,BUG-0023;BUG-0021,CH-026;CH-implement-tasks-first-run,pending,,Not executed in this round.
LP-047,blocked-verify,standard_local_execution_candidate,no_separate_external_prerequisite_identified,Wake a loop on an automation run completion,docs/qa/scenarios/LP-047.md,Document-based feasibility estimate; not an executed verdict; Codex Luna xhigh ACP canary still required,J-16,Bruno,"A loop subscribed to automation.run.completed / automation.run.failed wakes when a matching automation_runs terminal row commits, evaluates its CEL filter (e.g. event.payload.job_id == inputs.job), and runs the next round; cross-workspace runs never match.",docs/qa/reports/2026-07-28-untested-full.md,/Users/pedronauck/dev/qa-labs/compozy-loops-refac-task-16-20260708-130224-745100-lab/qa-artifacts/qa/logs/baseline-upstream-task-status.txt;/Users/pedronauck/dev/qa-labs/compozy-loops-refac-task-16-20260708-130224-745100-lab/qa-artifacts/qa/logs/baseline-watch-events-runtime-rg.txt;/Users/pedronauck/dev/qa-labs/compozy-loops-refac-task-16-20260709-20260709-034751-043179-lab/qa-artifacts/qa/logs/watch-events-phase-bc-tests.jsonl;/Users/pedronauck/dev/qa-labs/compozy-lp-public-interface-20260730-060347-933555-lab/qa-artifacts/qa,,CH-025,pending,,Not executed in this round.
LP-048,blocked-verify,standard_local_execution_candidate,no_separate_external_prerequisite_identified,Wake a loop on a network message,docs/qa/scenarios/LP-048.md,Document-based feasibility estimate; not an executed verdict; Codex Luna xhigh ACP canary still required,J-16,Bruno,"A loop subscribed to a network kind (network.message.persisted, network.work.opened/transitioned/closed) wakes when the anchored network_timeline_log / network_work row commits and evaluates its CEL filter with workspace-column scoping; network.peer.joined/left stay unsupported.",docs/qa/reports/2026-07-28-untested-full.md,/Users/pedronauck/dev/qa-labs/compozy-loops-refac-task-16-20260708-130224-745100-lab/qa-artifacts/qa/logs/baseline-upstream-task-status.txt;/Users/pedronauck/dev/qa-labs/compozy-loops-refac-task-16-20260708-130224-745100-lab/qa-artifacts/qa/logs/baseline-watch-events-runtime-rg.txt;/Users/pedronauck/dev/qa-labs/compozy-loops-refac-task-16-20260709-20260709-034751-043179-lab/qa-artifacts/qa/logs/watch-events-phase-bc-tests.jsonl;/Users/pedronauck/dev/qa-labs/compozy-lp-public-interface-20260730-060347-933555-lab/qa-artifacts/qa,,CH-025,pending,,Not executed in this round.
LP-049,blocked-verify,standard_local_execution_candidate,no_separate_external_prerequisite_identified,Wake a loop on a coordinator lifecycle event,docs/qa/scenarios/LP-049.md,Document-based feasibility estimate; not an executed verdict; Codex Luna xhigh ACP canary still required,J-16,Bruno,"A loop subscribed to coordinator.spawned/decision/stopped/failed wakes on the anchored coordinator lifecycle record replayed via the observe ledger (stable, monotonic, workspace-scoped after_seq); coordinator.pre_spawn stays unsupported.",docs/qa/reports/2026-07-28-untested-full.md,/Users/pedronauck/dev/qa-labs/compozy-loops-refac-task-16-20260708-130224-745100-lab/qa-artifacts/qa/logs/baseline-upstream-task-status.txt;/Users/pedronauck/dev/qa-labs/compozy-loops-refac-task-16-20260708-130224-745100-lab/qa-artifacts/qa/logs/baseline-watch-events-runtime-rg.txt;/Users/pedronauck/dev/qa-labs/compozy-loops-refac-task-16-20260709-20260709-034751-043179-lab/qa-artifacts/qa/logs/watch-events-phase-bc-tests.jsonl;/Users/pedronauck/dev/qa-labs/compozy-lp-public-interface-20260730-060347-933555-lab/qa-artifacts/qa,,CH-025,pending,,Not executed in this round.
LP-050,blocked-verify,standard_local_execution_candidate,no_separate_external_prerequisite_identified,Wake a loop on a session event with content redaction,docs/qa/scenarios/LP-050.md,Document-based feasibility estimate; not an executed verdict; Codex Luna xhigh ACP canary still required,J-16,Bruno,"A loop subscribed to event.post_record REQUIRES a session_id filter constraint (watch_events_filter_too_broad otherwise) and the loop-facing payload EXCLUDES record content — only record_type, sequence, and session correlation cross into loop outputs/SSE/web; cross-session records never match.",docs/qa/reports/2026-07-28-untested-full.md,/Users/pedronauck/dev/qa-labs/compozy-loops-refac-task-16-20260708-130224-745100-lab/qa-artifacts/qa/logs/baseline-upstream-task-status.txt;/Users/pedronauck/dev/qa-labs/compozy-loops-refac-task-16-20260708-130224-745100-lab/qa-artifacts/qa/logs/baseline-watch-events-runtime-rg.txt;/Users/pedronauck/dev/qa-labs/compozy-loops-refac-task-16-20260709-20260709-034751-043179-lab/qa-artifacts/qa/logs/watch-events-phase-bc-tests.jsonl;/Users/pedronauck/dev/qa-labs/compozy-lp-public-interface-20260730-060347-933555-lab/qa-artifacts/qa,,CH-025,pending,,Not executed in this round.
LP-action-failure-detail,blocked-verify,separate_prerequisite_or_review,specific_provider_or_failure,Explain a failed Loop action with its preserved cause and recovery path,docs/qa/scenarios/LP-action-failure-detail.md,Document-based feasibility estimate; not an executed verdict; Codex Luna xhigh ACP canary still required,J-01,Lea,"A failed action node preserves and renders the actionable backend cause, and a terminal stalled run tells the operator what to correct before retrying.",docs/qa/reports/2026-07-28-untested-full.md,/Users/pedronauck/dev/qa-labs/compozy-automation-features-20260713-20260713-044543-173594-lab/qa-artifacts/qa/screenshots/ch-001-software-delivery-stalled-missing-taskset.png; /Users/pedronauck/dev/qa-labs/compozy-automation-features-20260713-20260713-044543-173594-lab/qa-artifacts/qa/screenshots/ch-001-loop-failure-detail-fixed.dom.txt;/Users/pedronauck/dev/qa-labs/compozy-lp-public-interface-20260730-060347-933555-lab/qa-artifacts/qa,BUG-20260713-loop-failure-hidden; BUG-20260713-loop-watch-poll-error-stuck,CH-untested-003-01-lea,pending,,Not executed in this round.
LP-crash-death-resume,blocked-verify,conditional_local_preparation,controlled_loop_failure_clock_or_recovery,Resume one Loop node after its managed session dies,docs/qa/scenarios/LP-crash-death-resume.md,Document-based feasibility estimate; not an executed verdict; Codex Luna xhigh ACP canary still required,J-recover-loop-node-failure,Bruno,"Confirmed managed-session death reserves exactly one checkpoint-carrying continuation with a new epoch, cancel wins any race, parked nodes never resume, progress resets the death streak, and three consecutive deaths raise resume_exhausted attention.",docs/qa/reports/2026-08-20-pr-447-runtime-recovery.md,internal/daemon/loop_node_lifecycle_e2e_integration_test.go; public QA has no managed provider-session death injector,BUG-20260803-loop-boot-active-coordinator-lease,CH-loop-death-resume;CH-loop-managed-session-death;CH-operator-loop-recovery,pending,,Not executed in this round.
LP-days-long-node-no-clock,blocked-verify,conditional_local_preparation,controlled_loop_failure_clock_or_recovery,Let a healthy Loop node run for days without a hidden clock,docs/qa/scenarios/LP-days-long-node-no-clock.md,Document-based feasibility estimate; not an executed verdict; Codex Luna xhigh ACP canary still required,J-recover-loop-node-failure,Bruno,"A node without an authored timeout stays live across far-forward clocks and daemon restarts, observable evidence prevents a silence flag, silence alone only raises attention, and later evidence clears attention without interrupting the prompt.",docs/qa/reports/2026-08-03-loop-node-lifecycle.md,looprun-98913; exact resume_at persisted across daemon restarts; public QA has no controllable far-forward clock,,CH-runaway-work-bounded;CH-operator-loop-recovery,pending,,Not executed in this round.
LP-duplicate-event-suppressed,blocked-verify,conditional_local_preparation,controlled_loop_failure_clock_or_recovery,Suppress duplicate watch events loudly and durably,docs/qa/scenarios/LP-duplicate-event-suppressed.md,Document-based feasibility estimate; not an executed verdict; Codex Luna xhigh ACP canary still required,J-07,Ada,"Redelivering one valid watch event creates exactly one Loop run while every duplicate returns a structured suppression result, records a duplicate_suppressed diagnostic, increments counters, and remains suppressed across restart until the configured horizon expires.",docs/qa/reports/2026-08-03-loop-node-lifecycle.md,internal/daemon/loop_node_lifecycle_e2e_integration_test.go; public QA has no event replay injector or controllable dedupe-horizon clock,,CH-agent-loop-lifecycle-parity,pending,,Not executed in this round.
LP-durable-wait-restart,blocked-verify,conditional_local_preparation,controlled_loop_failure_clock_or_recovery,Resume one durable Loop wait across a daemon restart,docs/qa/scenarios/LP-durable-wait-restart.md,Document-based feasibility estimate; not an executed verdict; Codex Luna xhigh ACP canary still required,J-07,Ada,"A timer or event wait survives daemon restart, resumes exactly once from its durable row, ignores an event at or before the ahead cursor, consumes a valid ahead arrival once, and preserves workspace isolation throughout recovery.",docs/qa/reports/2026-08-03-loop-node-lifecycle.md,looprun-98913; exact resume_at survived repeated daemon restarts; internal/daemon/scheduler_runtime_test.go; public QA has no event-cursor injector,BUG-20260803-loop-boot-active-coordinator-lease; BUG-20260803-cross-origin-coordinator-duplicate,CH-agent-loop-lifecycle-parity,pending,,Not executed in this round.
LP-editor-authoring-walk,blocked-verify,standard_local_execution_candidate,no_separate_external_prerequisite_identified,Author the Spec 1 failure contract in the loop editor and watch the run honour it,docs/qa/scenarios/LP-editor-authoring-walk.md,Document-based feasibility estimate; not an executed verdict; Codex Luna xhigh ACP canary still required,J-recover-loop-node-failure,Lea,"A custom Loop opens in the editor with every Spec 1 key authorable at its real DSL path — `deadline`, `retry` (`max_attempts`, `backoff.base`/`.max`, `non_retryable`), `result_contract`, and `on_error` as route XOR allow_fail plus its own effect list. The six node triggers (`on_retry`, `on_success`, `on_pause`, `on_timeout`, `on_cancel`, `on_quarantine`) and the seven contract terminals (`on_done`, `on_noop`, `on_blocked`, `on_failed`, `on_exhausted`, `on_stalled`, `on_canceled`) render as plain effect lists whose entries are emit XOR tool by construction; an unauthored list shows no zero badge and publishes no empty key. A wait node declares exactly one of `for`/`until`/`event` — switching mode clears the other two in the same edit — plus `expect`, `ahead_arrival`, and the `expires` fold; a run-loop node declares `on_parent_close`. Every diagnostic is daemon truth: errors disable Publish with their own code, warnings (including `wait_expiry_without_path`) stay visible and never gate, and a clean verdict renders no counter at all. A read-only source (marketplace/user/additional) is immutable through every path — palette, contract, inspector, connect, delete — with Publish disabled, Validate available, and Fork the one legal verb; forking keeps the same name and route and flips the editor to editable workspace truth. A publish the daemon rejects with 422 shows a danger strip listing the returned issues while the version pill holds. Start-binding allowlist authoring does not ship (ADR-018).",docs/qa/reports/2026-08-03-loop-node-lifecycle.md,"/Users/pedronauck/dev/qa-labs/compozy-loop-node-lifecycle-20260803-191237-281307-lab/qa-artifacts/qa/evidence/task13/15-loop-editor-hard-navigation.png; final build deep-link and lifecycle-envelope read verified, but full edit/publish walk was not repeated",,CH-author-loop-failure-contract,pending,,Not executed in this round.
LP-implement-tasks-orchestrated-mode,blocked-verify,standard_local_execution_candidate,no_separate_external_prerequisite_identified,Delegate implement-tasks through orchestrated mode,docs/qa/scenarios/LP-implement-tasks-orchestrated-mode.md,Document-based feasibility estimate; not an executed verdict; Codex Luna xhigh ACP canary still required,J-01,Bruno,"Running implement-tasks with mode=orchestrated and implementer=custom_implementer uses the bundled orchestrator in one continuous Goal session, starts every worker with that exact Agent and its Agent-local sentinel skill, gives every task its category-selected runtime, proves completed task frontmatter on disk, stops every spawned worker, marks the per-task branch not_taken, and settles done. Omitting implementer selects code_implementer.",/tmp/compozy-pr-542-worker-report.md,/tmp/compozy-pr-542-worker-report.md; internal/daemon/loop_runtime_adapters_test.go; internal/session/manager_test.go,BUG-20260826-optional-runtime-run-fails,CH-spec-cycle-three-loop-lifecycle;CH-implement-tasks-orchestrated-mode,pending,,Not executed in this round.
LP-invalid-snapshot-boot-isolation,blocked-verify,conditional_local_preparation,controlled_loop_failure_clock_or_recovery,Isolate one invalid Loop snapshot during boot,docs/qa/scenarios/LP-invalid-snapshot-boot-isolation.md,Document-based feasibility estimate; not an executed verdict; Codex Luna xhigh ACP canary still required,J-loop-terminal-recovery,Ada,"On daemon restart, a run whose persisted definition snapshot fails digest or strict decoding becomes terminal with a structured snapshot cause, while healthy runs restore and the daemon reaches readiness.",docs/qa/reports/2026-08-26-loop-issues-fixes.md,docs/qa/reports/2026-08-26-loop-issues-fixes.md,,CH-loop-terminal-time-recovery,pending,,Not executed in this round.
LP-review-round-finalization,blocked-verify,standard_local_execution_candidate,no_separate_external_prerequisite_identified,Finalize a review round only after complete triage,docs/qa/scenarios/LP-review-round-finalization.md,Document-based feasibility estimate; not an executed verdict; Codex Luna xhigh ACP canary still required,J-08,Bruno,"Finalization changes only fixed valid issues to resolved, preserves pending, invalid, unresolved, and blocked issue files, and returns exact resolved, invalid, and pending counts.",docs/qa/reports/2026-09-04-pr-543-review-findings.md,docs/qa/reports/2026-09-04-pr-543-review-findings.md,,CH-005;CH-compozy-agent-authored-review,pending,,Not executed in this round.
LP-run-read-agent-journey,blocked-verify,standard_local_execution_candidate,no_separate_external_prerequisite_identified,Explain and inspect one Loop run through agent-readable projections,docs/qa/scenarios/LP-run-read-agent-journey.md,Document-based feasibility estimate; not an executed verdict; Codex Luna xhigh ACP canary still required,J-operate-loop-run-headless,Ada,"The briefing, complete node roster, and durable timeline agree on current run truth over HTTP, UDS, and CLI; unblocker commands execute verbatim, attempt history survives recovery, timeline resume has no gaps or duplicates, and foreign positions fail deterministically.",,,BUG-20260719-autonomous-progress-unobservable; BUG-20260821-loop-unblocker-invalid-json; BUG-20260821-loop-timeline-head-omitted; BUG-20260901-filtered-fanout-phantom-rows,CH-loop-legibility-run-read-resume,pending,,Not executed in this round.
LP-runtime-selection-overrides,blocked-verify,standard_local_execution_candidate,no_separate_external_prerequisite_identified,Select matrix and single-selector per-task runtimes,docs/qa/scenarios/LP-runtime-selection-overrides.md,Document-based feasibility estimate; not an executed verdict; Codex Luna xhigh ACP canary still required,J-01,Bruno,"CLI, HTTP, and UDS dry-runs expose the same ordered effective matrix, legacy single-selector, and exact-ID rule stack. A settled live mixed batch then proves the matrix applies only when both fields match, the legacy rule still applies, and the exact-ID rule overrides both through each item's resolved_runtime fields and provenance.",docs/qa/reports/2026-08-24-conjunctive-runtime-rules.md,/home/francisross/dev/qa-labs/compozy-runtime-selection-overrides-20260824-220605-045727-lab/qa-artifacts/qa/runtime-selection-blocked-verify.md,,CH-compozy-mixed-runtime-delivery,pending,,Not executed in this round.
LP-sick-target-degrades-one-lane,blocked-verify,conditional_local_preparation,controlled_loop_failure_clock_or_recovery,Keep healthy Loop lanes running when one target is sick,docs/qa/scenarios/LP-sick-target-degrades-one-lane.md,Document-based feasibility estimate; not an executed verdict; Codex Luna xhigh ACP canary still required,J-recover-loop-node-failure,Bruno,"Transport failures open only the affected family and target breaker, sick nodes fail fast with target_unavailable, healthy independent lanes keep running, and a successful half-open probe closes the breaker.",docs/qa/reports/2026-08-18-graph-eng.md,internal/daemon/loop_node_lifecycle_e2e_integration_test.go; public QA has no breaker-state or half-open probe injector,,CH-loop-quarantine-repair;CH-operator-loop-recovery,pending,,Not executed in this round.
LP-task-rollup-wakes-loop,blocked-verify,standard_local_execution_candidate,no_separate_external_prerequisite_identified,Wake one Loop from a parent task rollup,docs/qa/scenarios/LP-task-rollup-wakes-loop.md,Document-based feasibility estimate; not an executed verdict; Codex Luna xhigh ACP canary still required,J-complete-task-tree,Bruno,The parent completion event wakes the enabled matching Loop and creates exactly one follow-up task; a disabled Loop and unrelated workspace task tree do not match.,docs/qa/reports/2026-07-28-untested-full.md,/Users/pedronauck/dev/qa-labs/compozy-automation-features-20260713-20260713-044543-173594-lab/qa-artifacts/qa/screenshots/compozy71-all-children-completed-parent-stuck.dom.txt;/Users/pedronauck/dev/qa-labs/compozy-lp-public-interface-20260730-060347-933555-lab/qa-artifacts/qa,BUG-20260713-parent-task-rollup-missing; BUG-20260713-task-role-session-never-starts,CH-task-tree-loop-rollup,pending,,Not executed in this round.
LP-toggle-loop-goal,blocked-verify,standard_local_execution_candidate,no_separate_external_prerequisite_identified,Run the same custom Loop with and without a goal,docs/qa/scenarios/LP-toggle-loop-goal.md,Document-based feasibility estimate; not an executed verdict; Codex Luna xhigh ACP canary still required,J-06,Bruno,"A custom Loop can publish and run with a concrete goal/definition-of-done, then publish and run without an optional goal; each fresh run renders only the contract actually saved.",docs/qa/reports/2026-07-28-untested-full.md,/Users/pedronauck/dev/qa-labs/compozy-automation-features-20260713-20260713-044543-173594-lab/qa-artifacts/qa/screenshots/ch-007-loop-fork-run-stopped.dom.txt; /Users/pedronauck/dev/qa-labs/compozy-automation-features-20260713-20260713-044543-173594-lab/qa-artifacts/qa/screenshots/ch-loop-goalless-published-v1.dom.txt; /Users/pedronauck/dev/qa-labs/compozy-automation-features-20260713-20260713-044543-173594-lab/qa-artifacts/qa/screenshots/ch-loop-goalless-v1-real-run.dom.txt;/Users/pedronauck/dev/qa-labs/compozy-lp-public-interface-20260730-060347-933555-lab/qa-artifacts/qa,BUG-20260713-loop-contract-goal-not-editable; BUG-20260713-loop-fork-internal-error,CH-loop-goal-delete,pending,,Not executed in this round.
LP-transient-blip-heals,blocked-verify,conditional_local_preparation,controlled_loop_failure_clock_or_recovery,Heal a transient node failure without starting a repair generation,docs/qa/scenarios/LP-transient-blip-heals.md,Document-based feasibility estimate; not an executed verdict; Codex Luna xhigh ACP canary still required,J-recover-loop-node-failure,Lea,"One transport or attempt-timeout failure schedules one bounded retry, the next attempt succeeds, and public history shows no duplicate run or repair generation.",docs/qa/reports/2026-08-03-loop-node-lifecycle.md,internal/daemon/loop_node_lifecycle_e2e_integration_test.go; `go test -tags=integration ./internal/daemon -run TestDaemonE2ELoopNodeLifecycleShouldRetryRouteAndEscalate -count=1`,,CH-author-loop-failure-contract,pending,,Not executed in this round.
LP-unannotated-escalation,blocked-verify,standard_local_execution_candidate,no_separate_external_prerequisite_identified,Escalate an unhandled node failure into repair,docs/qa/scenarios/LP-unannotated-escalation.md,Document-based feasibility estimate; not an executed verdict; Codex Luna xhigh ACP canary still required,J-recover-loop-node-failure,Lea,A non-retryable failure with no route or absorption starts one next generation whose repair context preserves the classified cause and remediation hint.,docs/qa/reports/2026-08-03-loop-node-lifecycle.md,internal/daemon/loop_node_lifecycle_e2e_integration_test.go; `go test -tags=integration ./internal/daemon -run TestDaemonE2ELoopNodeLifecycleShouldRetryRouteAndEscalate -count=1`,,CH-author-loop-failure-contract,pending,,Not executed in this round.
LP-waiting-inventory-escalation,blocked-verify,conditional_local_preparation,controlled_loop_failure_clock_or_recovery,Inspect a waiting node and its bounded escalation ladder,docs/qa/scenarios/LP-waiting-inventory-escalation.md,Document-based feasibility estimate; not an executed verdict; Codex Luna xhigh ACP canary still required,J-07,Ada,"Structured waiting inventory reports the timer, event, or approval reason and current escalation step truthfully; due steps emit once through the effect relay, three failed resume admissions require intervention, and any accepted decision cancels later steps.",docs/qa/reports/2026-08-03-loop-node-lifecycle.md,"live timer and approval waits were inventoried across CLI, HTTP, Web, and native tools; public QA has no controllable escalation clock or admission-failure injector",,CH-agent-loop-lifecycle-parity,pending,,Not executed in this round.
LP-web-catalog-badge-budget,blocked-verify,standard_local_execution_candidate,no_separate_external_prerequisite_identified,Loops catalog enforces the badge budget and states one facts line,docs/qa/scenarios/LP-web-catalog-badge-budget.md,Document-based feasibility estimate; not an executed verdict; Codex Luna xhigh ACP canary still required,J-05,Dora,"Catalog rows and cards carry no source, cap, category, or best pills — the only chip is the state `LoopStatusPill`, which survives every viewport width. Category leads a single shared facts line (identical in rows and cards) that ends with the last run's mono identity (`MonoId` + relative `Time`); `best` appears there as a plain metric. Group headers read server facet counts (falling back to the loaded length), card descriptions clamp to two lines, the lede is `LoopPageLede` with the closing hairline, a zero-loop workspace keeps the page heading with the single roster empty state, and the row Run button promotes to accent on hover.",,,,,pending,,Not executed in this round.
LP-web-loop-configure-modal,blocked-verify,standard_local_execution_candidate,no_separate_external_prerequisite_identified,Loop Configure runs as a modal on the shared entity shell,docs/qa/scenarios/LP-web-loop-configure-modal.md,Document-based feasibility estimate; not an executed verdict; Codex Luna xhigh ACP canary still required,J-05,Dora,"Configure opens as a centered `md` modal over the scrim, not a right-side sheet. It carries the shared chrome — accent icon well, ""Loops · Configure"" eyebrow, `Configure <loop>` title, body as sole scroll owner, 52px footer. The structural note keeps its interactive builder link and renders as a neutral Alert at the top of the body, with the link reading ""Edit"" for a workspace loop and ""Fork & edit"" otherwise. The four groups (Review gate, Human approval gate, Re-attempt strategy, Stop limits) render as hairline `FormSection` blocks; Review gate and Stop limits keep their right-aligned provenance eyebrows (""declared in the loop"", ""per-loop defaults""). The footer carries a ghost ""Reset to defaults"" on the leading edge plus Cancel and one ""Save configuration"" primary. While a save is in flight the strategy cards, Reset, Cancel, the editor link, and the primary all disable, and the header close is withdrawn — Cancel and Escape remain the exits. Saving closes on success and keeps the modal open with the entered values intact on failure. No cost-cap field exists (ADR-017), and structural fields stay non-editable here (ADR-009).",docs/qa/reports/2026-07-28-untested-full.md,/Users/pedronauck/dev/qa-labs/compozy-lp-public-interface-20260730-060347-933555-lab/qa-artifacts/qa,,CH-untested-006-05-dora,pending,,Not executed in this round.
LP-web-node-dialog-modal-contract,blocked-verify,standard_local_execution_candidate,no_separate_external_prerequisite_identified,Node control dialogs and the quarantine sheet follow the modal contract,docs/qa/scenarios/LP-web-node-dialog-modal-contract.md,Document-based feasibility estimate; not an executed verdict; Codex Luna xhigh ACP canary still required,J-05,Dora,"All seven node/run control dialogs carry a 36px verb icon well (neutral pause/cancel-run, accent resume/requeue/wait-resume, danger kill) with the eyebrow above the title and muted body copy; the machine micro trail sits in the footer note slot. A verb that no longer applies renders as a calm tone-true answer panel (info/success), never a red failure — danger is reserved for transport errors. Cancel confirms use the tinted danger button; Kill uses solid danger. The pause dialog pairs 28px icon wells (hourglass drain / ban cancel) and its trail reflects the chosen mode; pause and requeue accept an optional reason that lands in provenance and on the sheet's episode boundary; wait-resume shows the wait's expect shape as the hint and disables confirm while the JSON does not match. Confirms and both sheets share the modal-sm width. The quarantine sheet renders its classified chain on the canonical timeline (spine, tone-ringed dots, glyphs, mono trails with attempt start→end spans), episode dividers aligned to the spine, the hint as a quiet note, collapsible Info and History sections with count gists, and a footer with gated Cancel plus primary Requeue while the node stays quarantined.",,,,,pending,,Not executed in this round.
LP-web-request-answer-card,blocked-verify,standard_local_execution_candidate,no_separate_external_prerequisite_identified,Answer a parked Loop request from the run page,docs/qa/scenarios/LP-web-request-answer-card.md,Document-based feasibility estimate; not an executed verdict; Codex Luna xhigh ACP canary still required,J-supervise-loop-request,Bruno,"The Needs-you region presents pending requests one question at a time — the daemon's prompt as the question with lane and deadline beside it, a ""Question i of N"" progress header with previous/next when several wait, schema-generated inputs (enum values as selectable choices, booleans as Yes/No), and the redacted context preview, full-context fetch, and node/generation identity behind a closed-by-default Details disclosure; only persisted decisions render; requests from different generations stay distinct; context failures expose retry for the exact request; invalid answers remain pending with inline errors; valid answers resolve from refreshed truth with no optimistic paint; and requests answered elsewhere or on terminated runs show the recorded outcome without a form.",docs/qa/reports/2026-08-18-graph-eng-review.md,docs/qa/evidence/2026-08-18-request-questionnaire/questionnaire-pending.png;docs/qa/evidence/2026-08-18-request-questionnaire/questionnaire-resolved.png;docs/qa/evidence/2026-08-18-request-questionnaire/questionnaire-enum-route.png;docs/qa/evidence/2026-08-18-request-questionnaire/e2e-scoped.txt;docs/qa/evidence/2026-08-18-loop-ui-polish/needs-you-pending.png;docs/qa/evidence/2026-08-18-loop-ui-polish/e2e-scoped.txt;/Users/pedronauck/dev/qa-labs/compozy-graph-eng-review-20260818-141718-102629-lab/qa-artifacts/qa/screenshots/loop-request-repeated-generation.png,"""""",CH-loop-request-lifecycle,pending,,Not executed in this round.
LP-web-run-attention-quarantine-routing,blocked-decision,conditional_local_preparation,controlled_loop_failure_clock_or_recovery,Run attention panel collapses dependency parks and routes to the producer's quarantine entry,docs/qa/scenarios/LP-web-run-attention-quarantine-routing.md,Document-based feasibility estimate; not an executed verdict; Codex Luna xhigh ACP canary still required,J-05,Dora,"On a run where one node (e.g. execute_task) is quarantined and several downstream nodes are flagged `dependency_quarantined`, the Needs attention panel renders ONE warning row per quarantined producer — ""execute task is quarantined"" with ""collect, review, verify and approve are parked behind it until it is requeued."" — instead of near-identical boilerplate cards per consumer. The row carries a single ""Open quarantine entry"" button that opens the PRODUCER's repair record (episodes, attempts, requeue), never an empty sheet. Non-dependency flags (silence, expired_wait) keep their own row with the daemon's reason. If the sheet is ever opened for a node without a record it explains that the node is not quarantined and points at the Needs attention panel instead of the dead-end ""The daemon has not recorded a repair record for this node."" The run timeline gains a `node_attention_flagged` event when consumers park behind a quarantine (waits do not emit it). Requeueing the producer clears the consumer flags and the panel.",,,,,pending,,Not executed in this round.
LP-web-run-diff-view,blocked-verify,standard_local_execution_candidate,no_separate_external_prerequisite_identified,Compare two generations or two runs of one Loop,docs/qa/scenarios/LP-web-run-diff-view.md,Document-based feasibility estimate; not an executed verdict; Codex Luna xhigh ACP canary still required,J-replay-loop-history,Bruno,"The diff view groups node rows by change kind using the CLI vocabulary, summarizes large values as size plus content hash with a link to full content, shows the divergence banner only when the two runs pin different definition versions, labels a still-executing side, renders an honest empty state when nothing differs, and never offers a cross-loop comparison.",docs/qa/reports/2026-08-18-graph-eng.md,docs/qa/evidence/2026-08-18-loop-ui-polish/diff-route.png;docs/qa/evidence/2026-08-18-loop-ui-polish/diff-run-compare.png;docs/qa/evidence/2026-08-18-loop-ui-polish/diff-generation-compare.png;docs/qa/evidence/2026-08-18-loop-ui-polish/e2e-scoped.txt,"""""",CH-loop-time-travel-history,pending,,Not executed in this round.
LP-web-run-form-section-grammar,blocked-verify,standard_local_execution_candidate,no_separate_external_prerequisite_identified,Run form folds five sections with truthful gists and a reachable input error,docs/qa/scenarios/LP-web-run-form-section-grammar.md,Document-based feasibility estimate; not an executed verdict; Codex Luna xhigh ACP canary still required,J-05,Dora,"All five run-form blocks (Already running, Inputs, Participation, Environment, Limits) share the `LoopRailSection` collapse anatomy — icon, eyebrow, one-line gist, chevron. Defaults — active notice + Inputs open; Participation, Environment, Limits closed with gists `Local`/`Live · <strategy>`, `Loop default`/`worktree · <ref>`/`directory · <path>`, and the limits summary. Input names render mono with `RequiredMark`; type markers are plain faint mono, not filled chips. Limits render as hairline label/control rows with the policy select last. The action bar is one row: an idle Info sentence about dry run, the missing-input message after an invalid attempt (naming the field when only one is missing), or ""Plan rendered""; Dry run (flask icon) stays clickable while invalid and paints the inline field error without creating a run; Start run stays disabled until valid; the pressed button shows a spinner while its request is in flight.",,,,,pending,,Not executed in this round.
LP-web-run-session-one-click,blocked-decision,standard_local_execution_candidate,no_separate_external_prerequisite_identified,Run detail opens the live agent session in one click and reports usage honestly,docs/qa/scenarios/LP-web-run-session-one-click.md,Document-based feasibility estimate; not an executed verdict; Codex Luna xhigh ACP canary still required,J-05,Dora,"While a run-agent node is working, the Happening now card shows ""Open session"" directly on the hero step (""Working on execute task"") and on any per-node lifecycle row whose cell has a bound ACP session; one click lands in the live session view (`/session/$id` → agent session). No session affordance renders for nodes without a bound session. The run detail API now exposes `session_id` per generation output (joined from the real task-run session binding — the synthetic `loop-action:*`/`daemon-loop-coordinator` ids no longer exist), so ""Open session"" from a task run also resolves a real session instead of a 404 blank page. The Usage rail never claims a confident `0 / ~$0.00`: when the agent reported no usage it reads Tokens ""not reported"" and Cost ""—""; when tokens exist the estimate returns.",,,,,pending,,Not executed in this round.
MS-006,blocked-verify,standard_local_execution_candidate,no_separate_external_prerequisite_identified,Search durable memory,docs/qa/scenarios/MS-006.md,Document-based feasibility estimate; not an executed verdict; Codex Luna xhigh ACP canary still required,J-25,Rafa,"`POST /api/memory/search` runs recall; if empty, falls back to explicit `Search`; returns results + recall trace.",docs/qa/reports/2026-07-28-untested-full.md,/Users/pedronauck/dev/qa-labs/compozy-feature-stories-20260621-215417-232496-lab/qa-artifacts/qa/evidence/batch-025-memory-core/ms001-ms024-memory-core.json;/Users/pedronauck/dev/qa-labs/compozy-ms-wave2-current-20260730-061842-796290-lab/qa-artifacts/qa,,CH-039,pending,,Not executed in this round.
MS-008,blocked-verify,standard_local_execution_candidate,no_separate_external_prerequisite_identified,Reindex derived catalog,docs/qa/scenarios/MS-008.md,Document-based feasibility estimate; not an executed verdict; Codex Luna xhigh ACP canary still required,J-25,Dora,`POST /api/memory/reindex` returns indexed file count + scope.,docs/qa/reports/2026-07-28-untested-full.md,/Users/pedronauck/dev/qa-labs/compozy-feature-stories-20260621-215417-232496-lab/qa-artifacts/qa/evidence/batch-025-memory-core/ms001-ms024-memory-core.json;/Users/pedronauck/dev/qa-labs/compozy-ms-wave2-current-20260730-061842-796290-lab/qa-artifacts/qa,,CH-039;CH-untested-valid-012-25-dora,pending,,Not executed in this round.
MS-011,blocked-verify,standard_local_execution_candidate,no_separate_external_prerequisite_identified,Memory health snapshot,docs/qa/scenarios/MS-011.md,Document-based feasibility estimate; not an executed verdict; Codex Luna xhigh ACP canary still required,J-digest-sessions-into-memory,Rafa,`GET /api/memory/health?workspace_id=` returns status ok/disabled/degraded/unavailable + counts.,docs/qa/reports/2026-07-28-untested-full.md,/Users/pedronauck/dev/qa-labs/compozy-feature-stories-20260621-215417-232496-lab/qa-artifacts/qa/evidence/batch-025-memory-core/ms001-ms024-memory-core.json; /home/pedronauck/dev/qa-labs/compozy-northstar-pay-20260711-153916-425791-lab/qa-artifacts/qa/notes/bug-0026-memory-health-retest.json; /Users/pedronauck/dev/qa-labs/compozy-agent-roles-devtool-oss-launch-20260724-094737-758561-lab/qa-artifacts/qa/memory-pipeline-retest-health.json;/Users/pedronauck/dev/qa-labs/compozy-ms-wave2-current-20260730-061842-796290-lab/qa-artifacts/qa,BUG-0031;BUG-20260724-memory-extractor-agent-tier,CH-dream-pipeline-canary;CH-untested-valid-019-digest-sessions-into-memory-rafa,fixed-and-verified,docs/qa/evidence/2026-09-10-qa-execution-unblock/health-retest-proof.json,"Settings memory summary observed/reloaded, valid CLI/HTTP/UDS parity across restart; missing workspace500 fixed to404 and real retest passed. Dream matrix reused from post-rebase integration."
MS-016,blocked-verify,standard_local_execution_candidate,no_separate_external_prerequisite_identified,Trigger dream consolidation,docs/qa/scenarios/MS-016.md,Document-based feasibility estimate; not an executed verdict; Codex Luna xhigh ACP canary still required,J-digest-sessions-into-memory,Dora,`POST /api/memory/dreams/trigger`: if `DreamTrigger` nil/disabled → 200 skipped+reason; else running/skipped.,docs/qa/reports/2026-07-28-untested-full.md,/Users/pedronauck/dev/qa-labs/compozy-feature-stories-20260621-215417-232496-lab/qa-artifacts/qa/evidence/batch-025-memory-core/ms001-ms024-memory-core.json; /Users/pedronauck/dev/qa-labs/compozy-agent-roles-devtool-oss-launch-20260724-094737-758561-lab/qa-artifacts/qa/dream-trigger-disabled.json; /Users/pedronauck/dev/qa-labs/compozy-agent-roles-devtool-oss-launch-20260724-094737-758561-lab/qa-artifacts/qa/dream-trigger-reenabled.json;/Users/pedronauck/dev/qa-labs/compozy-ms-wave2-current-20260730-061842-796290-lab/qa-artifacts/qa,,CH-dream-pipeline-canary,pending,,Not executed in this round.
MS-041,pass,standard_local_execution_candidate,no_separate_external_prerequisite_identified,Vault delete secret,docs/qa/scenarios/MS-041.md,Document-based feasibility estimate; not an executed verdict; Codex Luna xhigh ACP canary still required,J-keep-secrets-contained,Dora,"`DELETE /api/vault/secrets?ref=` → 204; web requires typed-confirm for non-session refs, immediate for `vault:sessions/`.",docs/qa/reports/2026-07-28-untested-full.md,`internal/api/core/vault.go:108-128`; `web/src/routes/_app/vault.tsx:332-385`; qa/evidence/batch-027-vault-model-support-logs/ms038-ms052-vault-model-support-logs.json; qa/evidence/batch-027-vault-model-support-logs/ms038-ms052-final-summary.json;/Users/pedronauck/dev/qa-labs/compozy-ms-wave2-current-20260730-061842-796290-lab/qa-artifacts/qa,,CH-untested-061-keep-secrets-contained-dora,verified,docs/qa/evidence/2026-09-10-qa-execution-unblock/vault-delete-confirm-correct.png;docs/qa/evidence/2026-09-10-qa-execution-unblock/vault-final-list.json;docs/qa/evidence/2026-09-10-qa-execution-unblock/vault-final-reload.txt,"Dora Web typed/simple delete, cancel, disappearing target, HTTP/UDS and reload verified. Historical immediate wording reconciled with beta confirmation behavior."
MS-049,blocked-verify,standard_local_execution_candidate,no_separate_external_prerequisite_identified,List logs,docs/qa/scenarios/MS-049.md,Document-based feasibility estimate; not an executed verdict; Codex Luna xhigh ACP canary still required,J-administer-runtime-settings,Dora,`GET /api/logs?<filter>` returns event summaries; 503 when observer absent.,docs/qa/reports/2026-07-28-untested-full.md,`internal/api/core/handlers.go` (ListLogs); `routes.go` (UDS :178/:184); qa/evidence/batch-027-vault-model-support-logs/ms038-ms052-vault-model-support-logs.json; qa/evidence/batch-027-vault-model-support-logs/ms038-ms052-final-summary.json;/Users/pedronauck/dev/qa-labs/compozy-ms-wave2-current-20260730-061842-796290-lab/qa-artifacts/qa,,CH-untested-041-administer-runtime-settings-dora,pending,,Not executed in this round.
MS-058,blocked-verify,standard_local_execution_candidate,no_separate_external_prerequisite_identified,Display-only echoes stay consistent with the catalog,docs/qa/scenarios/MS-058.md,Document-based feasibility estimate; not an executed verdict; Codex Luna xhigh ACP canary still required,J-22,Marina,"Session list, task execution profile, and provider logos render provider and model labels plus brand marks consistent with the catalog projection; new KindIcon marks resolve and unknown brands keep the lucide fallback.",docs/qa/reports/2026-07-28-untested-full.md,/Users/pedronauck/dev/qa-labs/compozy-model-selector-20260710-194713-914643-lab/qa-artifacts/qa/model-selector-evidence.md; docs/qa/reports/2026-07-10-model-selector.md; /Users/pedronauck/dev/qa-labs/compozy-marketplace-task11-final-20260715-20260716-011529-818379-lab/qa-artifacts/qa/web/ch-033-provider-inspector-back-refresh.png;/Users/pedronauck/dev/qa-labs/compozy-ms-wave2-current-20260730-061842-796290-lab/qa-artifacts/qa,BUG-0025,CH-033,pending,,Not executed in this round.
MS-059,blocked-verify,conditional_local_preparation,controlled_memory_failure,Recover Memory catalog after interrupted mutation,docs/qa/scenarios/MS-059.md,Document-based feasibility estimate; not an executed verdict; Codex Luna xhigh ACP canary still required,J-25,Rafa,"After an applied create/edit/delete/promote whose derived synchronization fails or whose process is interrupted, Markdown remains authoritative; the durable dirty marker survives restart; the next public list/search rebuilds exactly the affected identity; stale or ghost headers cannot remain; another workspace or agent identity is not rebuilt or leaked.",docs/qa/reports/2026-07-28-untested-full.md,/Users/pedronauck/dev/qa-labs/compozy-ms-wave2-current-20260730-061842-796290-lab/qa-artifacts/qa,,CH-039,pending,,Not executed in this round.
MS-atomic-memory-batch,blocked-verify,conditional_local_preparation,controlled_memory_failure,Commit one agent memory batch without intermediate state,docs/qa/scenarios/MS-atomic-memory-batch.md,Document-based feasibility estimate; not an executed verdict; Codex Luna xhigh ACP canary still required,J-11,Ada,"An agent can submit ordered add, replace, and remove operations for one workspace memory document through compozy__memory_propose. Compozy rejects missing or ambiguous old_text without changing bytes, validates only the final configured body size, records one decision for a successful batch, keeps repeated prompt assembly byte-stable until a committed memory mutation, and recalls the committed fact in the next session.",docs/qa/reports/2026-07-28-untested-full.md,/Users/pedronauck/dev/qa-labs/compozy-ms-wave2-current-20260730-061842-796290-lab/qa-artifacts/qa,,CH-memory-batch-integrity,pending,,Not executed in this round.
MS-background-role-fallback,blocked-verify,conditional_local_preparation,controlled_memory_failure,Fall back background role routing before acceptance,docs/qa/scenarios/MS-background-role-fallback.md,Document-based feasibility estimate; not an executed verdict; Codex Luna xhigh ACP canary still required,J-route-background-work,Ada,"When a primary role route fails before acceptance, Compozy tries each declared fallback once in order, emits one correlated role.fallback.used event before each attempt, and never reroutes an accepted ACP session.",docs/qa/reports/2026-07-28-untested-full.md,/Users/pedronauck/dev/qa-labs/compozy-agent-roles-devtool-oss-launch-20260724-094737-758561-lab/qa-artifacts/qa/ui-live-fallback-cli.json; /Users/pedronauck/dev/qa-labs/compozy-agent-roles-devtool-oss-launch-20260724-094737-758561-lab/qa-artifacts/qa/ui-live-fallback-http.json; /Users/pedronauck/dev/qa-labs/compozy-agent-roles-devtool-oss-launch-20260724-094737-758561-lab/qa-artifacts/qa/inherit-provider-fix-fallback-events.json;/Users/pedronauck/dev/qa-labs/compozy-ms-wave2-current-20260730-061842-796290-lab/qa-artifacts/qa,BUG-20260724-inherited-role-provider-resolution,CH-role-fallback-boundary,pending,,Not executed in this round.
MS-layout-editor-clear-selection,blocked-verify,standard_local_execution_candidate,no_separate_external_prerequisite_identified,Clear the layout canvas selection with pointer or keyboard,docs/qa/scenarios/MS-layout-editor-clear-selection.md,Document-based feasibility estimate; not an executed verdict; Codex Luna xhigh ACP canary still required,J-administer-window-manager,Bruno,"The empty canvas background is a real button named ""Clear layout selection""; clicking it or activating it with Enter or Space clears the selected group, node, or floating window without intercepting controls rendered above it.",docs/qa/reports/2026-07-28-untested-full.md,/Users/pedronauck/dev/qa-labs/compozy-ms-wave2-current-20260730-061842-796290-lab/qa-artifacts/qa,,CH-untested-044-administer-window-manager-bruno-part-2,pending,,Not executed in this round.
MS-provider-settings-model-delta-roundtrip,blocked-verify,standard_local_execution_candidate,no_separate_external_prerequisite_identified,Provider Settings preserves model deltas and validation semantics,docs/qa/scenarios/MS-provider-settings-model-delta-roundtrip.md,Document-based feasibility estimate; not an executed verdict; Codex Luna xhigh ACP canary still required,J-20,Ada,"A Provider Settings PUT with unchanged curated membership persists only explicit five-rate and reasoning deltas, survives restart, leaves unchanged catalog enrichment out of config, and rejects negative or non-finite rates as caller validation without mutation.",docs/qa/reports/2026-07-28-untested-full.md,/Users/pedronauck/dev/qa-labs/compozy-ms-wave2-current-20260730-061842-796290-lab/qa-artifacts/qa,BUG-20260729-provider-model-pricing-roundtrip;BUG-20260729-provider-model-validation-status,CH-provider-settings-model-delta,pending,,Not executed in this round.
MS-settings-roles-panel,blocked-verify,standard_local_execution_candidate,no_separate_external_prerequisite_identified,Configure background roles in Settings,docs/qa/scenarios/MS-settings-roles-panel.md,Document-based feasibility estimate; not an executed verdict; Codex Luna xhigh ACP canary still required,J-route-background-work,Dora,"Settings → Roles renders the six roles in product order with truthful builtin, inherit, off, provenance, fallback, and diagnostic states; a valid edit applies Live, survives reload, and never exposes virtual builtins in the Agents fleet.",docs/qa/reports/2026-07-28-untested-full.md,/Users/pedronauck/dev/qa-labs/compozy-agent-roles-devtool-oss-launch-20260724-094737-758561-lab/qa-artifacts/qa/screenshots/settings-roles-loaded.png; /Users/pedronauck/dev/qa-labs/compozy-agent-roles-devtool-oss-launch-20260724-094737-758561-lab/qa-artifacts/qa/screenshots/settings-roles-ghost-diagnostic.png; /Users/pedronauck/dev/qa-labs/compozy-agent-roles-devtool-oss-launch-20260724-094737-758561-lab/qa-artifacts/qa/screenshots/settings-roles-compact.png; /Users/pedronauck/dev/qa-labs/compozy-agent-roles-devtool-oss-launch-20260724-094737-758561-lab/qa-artifacts/qa/ui-settings-roles-after-save.json; /Users/pedronauck/dev/qa-labs/compozy-agent-roles-devtool-oss-launch-20260724-094737-758561-lab/qa-artifacts/qa/inherit-provider-fix-parent-after-title.json;/Users/pedronauck/dev/qa-labs/compozy-ms-wave2-current-20260730-061842-796290-lab/qa-artifacts/qa,BUG-20260724-inherited-role-provider-resolution,CH-settings-roles-live-truth,pending,,Not executed in this round.
MS-settings-update-mutations,blocked-verify,standard_local_execution_candidate,no_separate_external_prerequisite_identified,Apply and cancel an update through settings,docs/qa/scenarios/MS-settings-update-mutations.md,Document-based feasibility estimate; not an executed verdict; Codex Luna xhigh ACP canary still required,J-desktop-update-moment,Dora,One shared settings action applies every eligible target in runtime→app order; one-target and managed/no-action states remain truthful; invalid or legacy target sets return 400; HTTP and UDS expose the same typed result and refusal states.,docs/qa/reports/2026-08-24-eng-144.md,docs/qa/reports/2026-08-24-eng-144.md,,CH-electron-beta-update-linux;CH-electron-beta-update-macos;CH-electron-browser-update-parity,pending,,Not executed in this round.
MS-web-provider-auth-gate,blocked-verify,separate_prerequisite_or_review,specific_provider_or_failure,Provider editor offers credential controls only under bound-secret ownership,docs/qa/scenarios/MS-web-provider-auth-gate.md,Document-based feasibility estimate; not an executed verdict; Codex Luna xhigh ACP canary still required,J-22,Dora,"Creating or editing a provider shows ""Who owns authentication?"" as three cards — Native CLI, Bound secret, None. Under Native CLI the surface carries only the provider-owned login and status commands plus the last reported native-CLI status; no credential slot, key field, or secret ref is rendered anywhere. Choosing Bound secret reveals one credential slot (slot name, target env, secret ref, required toggle); leaving Bound secret removes every slot and its pending value, and the saved request carries no credential_slots. A write input appears only for a vault: ref — an env: ref shows that the value resolves outside Compozy instead of offering a box to type one. On edit a stored credential shows presence and its reference only, with an explicit Rotate; the plaintext is never read back and cancelling a rotation leaves the binding untouched. RuntimeSelector never appears on this surface.",docs/qa/reports/2026-07-28-untested-full.md,.compozy/tasks/modals-redesign/evidence/visual/task_04/VC-03; .compozy/tasks/modals-redesign/evidence/visual/task_04/VC-04;/Users/pedronauck/dev/qa-labs/compozy-ms-wave2-current-20260730-061842-796290-lab/qa-artifacts/qa,,CH-untested-020-22-dora,pending,,Not executed in this round.
MS-web-session-deeplink-global-confirm,blocked-verify,standard_local_execution_candidate,no_separate_external_prerequisite_identified,Deep link to a Global session turns Global scope on instead of selecting the home row,docs/qa/scenarios/MS-web-session-deeplink-global-confirm.md,Document-based feasibility estimate; not an executed verdict; Codex Luna xhigh ACP canary still required,J-operate-desktop-shell,Bruno,"With a project workspace active, opening a link to a session owned by the operator-home registration shows the switch confirmation in its Global variant — title ""Turn on Global scope?"", confirm ""Turn on Global scope"", and the description names Global (`~`), never the home folder name. Confirming turns Global scope on and re-enters the link; the remembered project selection is untouched (persist key keeps the project id) and the toggle can still switch back. Declining stays on the not-found rendering. The home workspace id is never written into `selectedWorkspaceId`.",,web/src/routes/_app/__tests__/-session-workspace-switch-action.test.ts,,CH-global-scope-regression,pending,,Not executed in this round.
MS-web-settings-providers-redesign,blocked-verify,standard_local_execution_candidate,no_separate_external_prerequisite_identified,"Providers page toolbar, status copy, and Rows/Cards views",docs/qa/scenarios/MS-web-settings-providers-redesign.md,Document-based feasibility estimate; not an executed verdict; Codex Luna xhigh ACP canary still required,J-22,Dora,"The Providers settings page renders ready/needs-setup/not-installed meta counts, a toolbar (provider search, Status filter chip, Rows|Cards toggle), and provider cards/rows with the pcard anatomy — glyph, name + Default badge, mono launch command, signal status line (""Ready · N models"" / ""Sign in to finish setup"" / ""Binary not found""), and the auth summary foot (""Uses your local login"" / ""Key stored in Vault"" / ""No sign-in needed"") with Edit or Set up action. New provider lives in the window head.",docs/qa/reports/2026-07-28-untested-full.md,/Users/pedronauck/dev/qa-labs/compozy-ms-wave2-current-20260730-061842-796290-lab/qa-artifacts/qa,,CH-untested-020-22-dora,pending,,Not executed in this round.
MS-workspace-checkpoint-continuity,blocked-verify,conditional_local_preparation,controlled_memory_failure,Preserve workspace continuity through one checkpoint summary,docs/qa/scenarios/MS-workspace-checkpoint-continuity.md,Document-based feasibility estimate; not an executed verdict; Codex Luna xhigh ACP canary still required,J-11,Théo,Eligible session stops asynchronously update one workspace-scoped `project_checkpoint_summary.md` through the active memory provider and decision WAL. The next session receives the full checkpoint; failed updates preserve the prior bytes; decision revert restores the previous summary; another workspace never receives the artifact.,docs/qa/reports/2026-07-28-untested-full.md,/Users/pedronauck/dev/qa-labs/compozy-ms-wave2-current-20260730-061842-796290-lab/qa-artifacts/qa,,CH-crash-resume-compaction,pending,,Not executed in this round.
MS-workspace-resolution-provenance,blocked-verify,separate_prerequisite_or_review,contract_or_decision_reconciliation,Explain the workspace resolution source in structured output,docs/qa/scenarios/MS-workspace-resolution-provenance.md,Document-based feasibility estimate; not an executed verdict; Codex Luna xhigh ACP canary still required,J-operate-workspace-context,Ada,"JSON, JSONL, and TOON output identify the winning workspace resolution tier without changing human output or the command payload shape.",docs/qa/reports/2026-07-28-untested-full.md,/Users/pedronauck/dev/qa-labs/compozy-ms-wave2-current-20260730-061842-796290-lab/qa-artifacts/qa,,CH-untested-070-operate-workspace-context-ada,pending,,Not executed in this round.
NB-001,blocked-verify,standard_local_execution_candidate,no_separate_external_prerequisite_identified,Network runtime status,docs/qa/scenarios/NB-001.md,Document-based feasibility estimate; not an executed verdict; Codex Luna xhigh ACP canary still required,J-administer-network-live,Ada,"`GET /api/network/status` returns availability, truthful `disabled|ready|active` state, local Live participant and channel counts, sent/received/rejected/delivered counters, conversation/work/direct counters, declared channels, and per-kind metrics. It exposes no listener, broker-worker, remote-peer, or queue state. Web settings and `compozy network status` show the same projection.",docs/qa/reports/2026-07-28-untested-full.md,qa/evidence/batch-023-network-runtime-channels/nb001-nb023-final-summary.json; qa/evidence/batch-023-network-runtime-channels/nb001-nb023-before-bug012.json; qa/evidence/batch-023-network-runtime-channels/bug012-retest-direct-send.json; docs/qa/evidence/2026-07-14-network-changes/ch-network-admin-lifecycle.md;/Users/pedronauck/dev/qa-labs/compozy-qa-misc-network-goal-release-site-20260730-060405-932516-lab/qa-artifacts/qa;/Users/pedronauck/dev/qa-labs/compozy-root-fixes-retest-20260730-072350-328928-lab/qa-artifacts/qa/evidence/root-fixes/public-replay.md,BUG-20260730-network-zero-counters-omitted,CH-untested-valid-016-administer-network-live-ada;CH-network-admin-lifecycle,pending,,Not executed in this round.
NB-002,blocked-verify,standard_local_execution_candidate,no_separate_external_prerequisite_identified,Network settings config,docs/qa/scenarios/NB-002.md,Document-based feasibility estimate; not an executed verdict; Codex Luna xhigh ACP canary still required,J-administer-network-live,Bruno,"`settings/network` edits availability, greet/replay/queue safety values, and `[network.live.defaults|limits]`; it states that availability never enrolls an execution, rejects removed keys, and shows runtime state read-only.",docs/qa/reports/2026-07-28-untested-full.md,qa/evidence/batch-023-network-runtime-channels/nb001-nb023-final-summary.json; qa/evidence/batch-023-network-runtime-channels/nb001-nb023-before-bug012.json; qa/evidence/batch-023-network-runtime-channels/bug012-retest-direct-send.json; docs/qa/evidence/2026-07-14-network-changes/ch-network-admin-lifecycle.md;/Users/pedronauck/dev/qa-labs/compozy-qa-misc-network-goal-release-site-20260730-060405-932516-lab/qa-artifacts/qa,,CH-network-admin-lifecycle,pending,,Not executed in this round.
NB-004,blocked-verify,standard_local_execution_candidate,no_separate_external_prerequisite_identified,Daemon-down / status-error state,docs/qa/scenarios/NB-004.md,Document-based feasibility estimate; not an executed verdict; Codex Luna xhigh ACP canary still required,J-23,Théo,"On status fetch error or missing status, `/network` renders `DaemonDown`; loading shows a spinner.",docs/qa/reports/2026-07-28-untested-full.md,qa/evidence/batch-023-network-runtime-channels/nb001-nb023-final-summary.json; qa/evidence/batch-023-network-runtime-channels/nb001-nb023-before-bug012.json; qa/evidence/batch-023-network-runtime-channels/bug012-retest-direct-send.json; qa/bootstrap-manifest.json;/Users/pedronauck/dev/qa-labs/compozy-qa-misc-network-goal-release-site-20260730-060405-932516-lab/qa-artifacts/qa,,CH-037,pending,,Not executed in this round.
NB-005,blocked-verify,standard_local_execution_candidate,no_separate_external_prerequisite_identified,List channels,docs/qa/scenarios/NB-005.md,Document-based feasibility estimate; not an executed verdict; Codex Luna xhigh ACP canary still required,J-23,Théo,"`GET .../network/channels` returns daemon-ordered channels plus bounded cross-channel recents in the same payload; projected peer/session/message/presence counts, historical participants, last activity/presence, and message previews are computed without a per-channel request waterfall.",docs/qa/reports/2026-07-28-untested-full.md,qa/evidence/batch-023-network-runtime-channels/nb001-nb023-final-summary.json; qa/evidence/batch-023-network-runtime-channels/nb001-nb023-before-bug012.json; qa/evidence/batch-023-network-runtime-channels/bug012-retest-direct-send.json;/Users/pedronauck/dev/qa-labs/compozy-qa-misc-network-goal-release-site-20260730-060405-932516-lab/qa-artifacts/qa,,CH-037,pending,,Not executed in this round.
NB-006,blocked-verify,standard_local_execution_candidate,no_separate_external_prerequisite_identified,Create channel (spawns sessions),docs/qa/scenarios/NB-006.md,Document-based feasibility estimate; not an executed verdict; Codex Luna xhigh ACP canary still required,J-23,Théo,"`POST .../network/channels` validates channel name, non-empty `purpose`, and non-empty de-duped `agent_names` (all workspace-available); it inserts channel authority before spawning one user session per agent, persists `created_by` as the first agent, and returns channel detail (201). A duplicate workspace/channel returns 409 before any session starts and does not mutate existing metadata. Any later provisioning failure stops acquired sessions and removes the new channel.",docs/qa/reports/2026-07-28-untested-full.md,qa/evidence/batch-023-network-runtime-channels/nb001-nb023-final-summary.json; qa/evidence/batch-023-network-runtime-channels/nb001-nb023-before-bug012.json; qa/evidence/batch-023-network-runtime-channels/bug012-retest-direct-send.json;/Users/pedronauck/dev/qa-labs/compozy-qa-misc-network-goal-release-site-20260730-060405-932516-lab/qa-artifacts/qa,,CH-untested-023-23-theo,pending,,Not executed in this round.
NB-007,blocked-verify,standard_local_execution_candidate,no_separate_external_prerequisite_identified,View channel detail,docs/qa/scenarios/NB-007.md,Document-based feasibility estimate; not an executed verdict; Codex Luna xhigh ACP canary still required,J-23,Théo,"`GET .../channels/:channel` returns metadata, projected exact peer/session/message/presence/kind counts, last preview, sessions, peers, and exact `open_work_count`; loaded lifecycle rows remain an explicitly bounded forensic subset rather than being presented as the total; a channel with no durable data returns 404.",docs/qa/reports/2026-07-28-untested-full.md,qa/evidence/batch-023-network-runtime-channels/nb001-nb023-final-summary.json; qa/evidence/batch-023-network-runtime-channels/nb001-nb023-before-bug012.json; qa/evidence/batch-023-network-runtime-channels/bug012-retest-direct-send.json;/Users/pedronauck/dev/qa-labs/compozy-qa-misc-network-goal-release-site-20260730-060405-932516-lab/qa-artifacts/qa,,CH-037,pending,,Not executed in this round.
NB-008,blocked-verify,standard_local_execution_candidate,no_separate_external_prerequisite_identified,Channel activity feed (web),docs/qa/scenarios/NB-008.md,Document-based feasibility estimate; not an executed verdict; Codex Luna xhigh ACP canary still required,J-23,Théo,"`/network/$ws/$channel/activity` merges only the loaded counted thread/direct pages in daemon-selected order, reports loaded versus exact total, and exposes independent continuation for threads and directs without client-side catalog filtering.",docs/qa/reports/2026-07-28-untested-full.md,qa/evidence/batch-023-network-runtime-channels/nb001-nb023-final-summary.json; qa/evidence/batch-023-network-runtime-channels/nb001-nb023-before-bug012.json; qa/evidence/batch-023-network-runtime-channels/bug012-retest-direct-send.json; qa/bootstrap-manifest.json;/Users/pedronauck/dev/qa-labs/compozy-qa-misc-network-goal-release-site-20260730-060405-932516-lab/qa-artifacts/qa,,CH-037,pending,,Not executed in this round.
NB-009,blocked-verify,standard_local_execution_candidate,no_separate_external_prerequisite_identified,List threads,docs/qa/scenarios/NB-009.md,Document-based feasibility estimate; not an executed verdict; Codex Luna xhigh ACP canary still required,J-23,Théo,"`GET .../channels/:channel/threads` returns `{threads,page{total,limit,has_more,next_cursor}}` with summaries and daemon-owned `query`, `has_work`, optional `peer_id`, `sort`, `after`, and `limit`; filters/order apply before the cut and the web exposes Load more.",docs/qa/reports/2026-07-28-untested-full.md,qa/evidence/batch-023-network-runtime-channels/nb001-nb023-final-summary.json; qa/evidence/batch-023-network-runtime-channels/nb001-nb023-before-bug012.json; qa/evidence/batch-023-network-runtime-channels/bug012-retest-direct-send.json;/Users/pedronauck/dev/qa-labs/compozy-qa-misc-network-goal-release-site-20260730-060405-932516-lab/qa-artifacts/qa,,CH-037,pending,,Not executed in this round.
NB-010,blocked-verify,standard_local_execution_candidate,no_separate_external_prerequisite_identified,View thread + isolated messages,docs/qa/scenarios/NB-010.md,Document-based feasibility estimate; not an executed verdict; Codex Luna xhigh ACP canary still required,J-23,Théo,"`GET .../threads/:thread_id` returns the summary; `.../messages` returns a bounded chronological tail and page metadata, supports older pages with `before`, incremental tail reads with `after`, and `kind`/`work_id` filters; loading older messages preserves the first visible message ID/offset while live appends continue; invalid/missing IDs map to 400/404.",docs/qa/reports/2026-07-28-untested-full.md,qa/evidence/batch-023-network-runtime-channels/nb001-nb023-final-summary.json; qa/evidence/batch-023-network-runtime-channels/nb001-nb023-before-bug012.json; qa/evidence/batch-023-network-runtime-channels/bug012-retest-direct-send.json; /home/pedronauck/dev/qa-labs/compozy-northstar-pay-20260711-153916-425791-lab/qa-artifacts/qa/notes/bug-0027-network-ordering-retest.json; /home/pedronauck/dev/qa-labs/compozy-northstar-pay-20260711-153916-425791-lab/qa-artifacts/qa/notes/frontend-continuity-retest.json; docs/qa/bugs/BUG-0032.md;/Users/pedronauck/dev/qa-labs/compozy-qa-misc-network-goal-release-site-20260730-060405-932516-lab/qa-artifacts/qa,BUG-0032,CH-037,pending,,Not executed in this round.
NB-011,blocked-verify,standard_local_execution_candidate,no_separate_external_prerequisite_identified,Post message into a thread (web),docs/qa/scenarios/NB-011.md,Document-based feasibility estimate; not an executed verdict; Codex Luna xhigh ACP canary still required,J-23,Théo,`ChannelThreadComposer` sends `POST .../send` `kind=say surface=thread thread_id=...`; requires an active session; shows `disabledReason` when no session is available.,docs/qa/reports/2026-07-28-untested-full.md,qa/evidence/batch-023-network-runtime-channels/nb001-nb023-final-summary.json; qa/evidence/batch-023-network-runtime-channels/nb001-nb023-before-bug012.json; qa/evidence/batch-023-network-runtime-channels/bug012-retest-direct-send.json; qa/bootstrap-manifest.json;/Users/pedronauck/dev/qa-labs/compozy-qa-misc-network-goal-release-site-20260730-060405-932516-lab/qa-artifacts/qa,,CH-untested-023-23-theo,pending,,Not executed in this round.
NB-012,blocked-verify,standard_local_execution_candidate,no_separate_external_prerequisite_identified,Open a new thread root,docs/qa/scenarios/NB-012.md,Document-based feasibility estimate; not an executed verdict; Codex Luna xhigh ACP canary still required,J-23,Théo,"Sending `say` with `surface=thread` and a fresh valid `thread_id` matching `^thread_[a-z0-9][a-z0-9_-]{2,95}$` creates the thread on its first message; blank or malformed IDs are rejected; the native descriptor and CLI help state both the grammar and implicit-create behavior.",docs/qa/reports/2026-07-28-untested-full.md,qa/evidence/batch-023-network-runtime-channels/nb001-nb023-final-summary.json; qa/evidence/batch-023-network-runtime-channels/nb001-nb023-before-bug012.json; qa/evidence/batch-023-network-runtime-channels/bug012-retest-direct-send.json; /home/pedronauck/dev/qa-labs/compozy-northstar-pay-20260711-134811-445151-lab/qa-artifacts/qa/notes/operator-turn-evidence.json; /home/pedronauck/dev/qa-labs/compozy-northstar-pay-20260711-153916-425791-lab/qa-artifacts/qa/notes/bug-0025-native-send-retest.json; docs/qa/bugs/BUG-0029.md; docs/qa/bugs/BUG-0030.md;/Users/pedronauck/dev/qa-labs/compozy-qa-misc-network-goal-release-site-20260730-060405-932516-lab/qa-artifacts/qa,BUG-0029;BUG-0030,CH-037,pending,,Not executed in this round.
NB-013,blocked-verify,standard_local_execution_candidate,no_separate_external_prerequisite_identified,List direct rooms,docs/qa/scenarios/NB-013.md,Document-based feasibility estimate; not an executed verdict; Codex Luna xhigh ACP canary still required,J-23,Théo,"`GET .../channels/:channel/directs` returns `{directs,page{total,limit,has_more,next_cursor}}` with summaries and daemon-owned `query`, `peer_id`, `has_work`, `sort`, `after`, and `limit`; filters/order apply before the cut and the web exposes Load more.",docs/qa/reports/2026-07-28-untested-full.md,qa/evidence/batch-023-network-runtime-channels/nb001-nb023-final-summary.json; qa/evidence/batch-023-network-runtime-channels/nb001-nb023-before-bug012.json; qa/evidence/batch-023-network-runtime-channels/bug012-retest-direct-send.json;/Users/pedronauck/dev/qa-labs/compozy-qa-misc-network-goal-release-site-20260730-060405-932516-lab/qa-artifacts/qa,,CH-037,pending,,Not executed in this round.
NB-014,blocked-verify,standard_local_execution_candidate,no_separate_external_prerequisite_identified,Resolve / open direct room,docs/qa/scenarios/NB-014.md,Document-based feasibility estimate; not an executed verdict; Codex Luna xhigh ACP canary still required,J-23,Théo,`POST .../directs/resolve` requires `session_id` (must resolve to a local peer in channel) + valid `peer_id` (must be present in channel); computes deterministic `direct_id` from ordered peers; creates-or-returns the room.,docs/qa/reports/2026-07-28-untested-full.md,qa/evidence/batch-023-network-runtime-channels/nb001-nb023-final-summary.json; qa/evidence/batch-023-network-runtime-channels/nb001-nb023-before-bug012.json; qa/evidence/batch-023-network-runtime-channels/bug012-retest-direct-send.json;/Users/pedronauck/dev/qa-labs/compozy-qa-misc-network-goal-release-site-20260730-060405-932516-lab/qa-artifacts/qa,,CH-untested-023-23-theo,pending,,Not executed in this round.
NB-015,blocked-verify,standard_local_execution_candidate,no_separate_external_prerequisite_identified,View direct room + isolated messages,docs/qa/scenarios/NB-015.md,Document-based feasibility estimate; not an executed verdict; Codex Luna xhigh ACP canary still required,J-23,Théo,"`GET .../directs/:direct_id` returns the summary; `.../messages` returns a bounded chronological tail and page metadata, supports older pages with `before`, incremental tail reads with `after`, and `kind`/`work_id` filters; loading older messages preserves the first visible message ID/offset while live appends continue.",docs/qa/reports/2026-07-28-untested-full.md,qa/evidence/batch-023-network-runtime-channels/nb001-nb023-final-summary.json; qa/evidence/batch-023-network-runtime-channels/nb001-nb023-before-bug012.json; qa/evidence/batch-023-network-runtime-channels/bug012-retest-direct-send.json; qa/issues/BUG-012.md;/Users/pedronauck/dev/qa-labs/compozy-qa-misc-network-goal-release-site-20260730-060405-932516-lab/qa-artifacts/qa,BUG-0012,CH-037,pending,,Not executed in this round.
NB-016,blocked-verify,standard_local_execution_candidate,no_separate_external_prerequisite_identified,Post message into a direct room (web),docs/qa/scenarios/NB-016.md,Document-based feasibility estimate; not an executed verdict; Codex Luna xhigh ACP canary still required,J-23,Théo,`DirectRoom` composer sends `POST .../send` `kind=say surface=direct direct_id=...`; requires an active session.,docs/qa/reports/2026-07-28-untested-full.md,qa/evidence/batch-023-network-runtime-channels/nb001-nb023-final-summary.json; qa/evidence/batch-023-network-runtime-channels/nb001-nb023-before-bug012.json; qa/evidence/batch-023-network-runtime-channels/bug012-retest-direct-send.json; qa/issues/BUG-012.md; qa/bootstrap-manifest.json;/Users/pedronauck/dev/qa-labs/compozy-qa-misc-network-goal-release-site-20260730-060405-932516-lab/qa-artifacts/qa,BUG-0012,CH-untested-023-23-theo,pending,,Not executed in this round.
NB-017,blocked-verify,standard_local_execution_candidate,no_separate_external_prerequisite_identified,List daemon-local peers,docs/qa/scenarios/NB-017.md,Document-based feasibility estimate; not an executed verdict; Codex Luna xhigh ACP canary still required,J-23,Théo,"`GET .../network/peers` (optional `channel`) returns daemon-local peers sorted by newest `joined_at`, then display name and peer ID. Each peer includes its session identity, capability brief, profiles/artifacts/trust modes, `presence_state: local`, and no remote refresh or expiry fields.",docs/qa/reports/2026-07-28-untested-full.md,/Users/pedronauck/dev/qa-labs/compozy-qa-misc-network-goal-release-site-20260730-060405-932516-lab/qa-artifacts/qa,,CH-untested-023-23-theo,pending,,Not executed in this round.
NB-019,blocked-verify,standard_local_execution_candidate,no_separate_external_prerequisite_identified,Presence/greet episode collapsing,docs/qa/scenarios/NB-019.md,Document-based feasibility estimate; not an executed verdict; Codex Luna xhigh ACP canary still required,J-23,Théo,"With `include_presence=true`, consecutive matching greet messages collapse into chronological projected episodes with count and started/last-seen timestamps inside the bounded activity contract; list/detail reads do not require a full message scan.",docs/qa/reports/2026-07-28-untested-full.md,qa/evidence/batch-023-network-runtime-channels/nb001-nb023-final-summary.json; qa/evidence/batch-023-network-runtime-channels/nb001-nb023-before-bug012.json; qa/evidence/batch-023-network-runtime-channels/bug012-retest-direct-send.json;/Users/pedronauck/dev/qa-labs/compozy-qa-misc-network-goal-release-site-20260730-060405-932516-lab/qa-artifacts/qa,,CH-037,pending,,Not executed in this round.
NB-020,blocked-verify,standard_local_execution_candidate,no_separate_external_prerequisite_identified,Send network message (all kinds),docs/qa/scenarios/NB-020.md,Document-based feasibility estimate; not an executed verdict; Codex Luna xhigh ACP canary still required,J-23,Ada,"HTTP, UDS, CLI, native-tool, agent-channel, and extension-host sends derive sender identity and proof inside the daemon and reject caller-supplied identity or raw `compozy_claim_*` material anywhere in body, proof, ext, or nested metadata before persistence, logging only a SHA-256 hash. Valid kind/surface/container payloads persist once and return the same message identity across surfaces.",docs/qa/reports/2026-07-28-untested-full.md,qa/evidence/batch-023-network-runtime-channels/nb001-nb023-final-summary.json; qa/evidence/batch-023-network-runtime-channels/nb001-nb023-before-bug012.json; qa/evidence/batch-023-network-runtime-channels/bug012-retest-direct-send.json; qa/issues/BUG-012.md; /home/pedronauck/dev/qa-labs/compozy-northstar-pay-20260711-134811-445151-lab/qa-artifacts/qa/notes/operator-turn-evidence.json; /home/pedronauck/dev/qa-labs/compozy-northstar-pay-20260711-153916-425791-lab/qa-artifacts/qa/notes/bug-0025-native-send-retest.json; docs/qa/bugs/BUG-0029.md; docs/qa/bugs/BUG-0030.md;docs/qa/evidence/2026-07-14-network-changes/ch-live-bounds-agent-path.md;/Users/pedronauck/dev/qa-labs/compozy-qa-misc-network-goal-release-site-20260730-060405-932516-lab/qa-artifacts/qa,BUG-0012;BUG-0029;BUG-0030,CH-037;CH-untested-valid-007-23-ada;CH-live-bounds-agent-path,pending,,Not executed in this round.
NB-027,blocked-verify,standard_local_execution_candidate,no_separate_external_prerequisite_identified,Get bridge,docs/qa/scenarios/NB-027.md,Document-based feasibility estimate; not an executed verdict; Codex Luna xhigh ACP canary still required,J-23,Omar,`GET /api/bridges/:id` returns the instance + enriched health/diagnostics.,docs/qa/reports/2026-07-28-untested-full.md,qa/evidence/batch-024-bridges-notifications/nb024-nb046-final-summary.json; qa/evidence/batch-024-bridges-notifications/nb024-nb046-rerun.json;/Users/pedronauck/dev/qa-labs/compozy-qa-misc-network-goal-release-site-20260730-060405-932516-lab/qa-artifacts/qa,,CH-037;CH-untested-valid-008-23-omar,pending,,Not executed in this round.
NB-031,blocked-verify,standard_local_execution_candidate,no_separate_external_prerequisite_identified,Restart bridge,docs/qa/scenarios/NB-031.md,Document-based feasibility estimate; not an executed verdict; Codex Luna xhigh ACP canary still required,J-recover-mid-turn-restart,Omar,`POST /api/bridges/:id/restart` restarts the instance preserving route ownership.,docs/qa/reports/2026-07-28-untested-full.md,qa/evidence/batch-024-bridges-notifications/nb024-nb046-final-summary.json; qa/evidence/batch-024-bridges-notifications/nb024-nb046-rerun.json;/Users/pedronauck/dev/qa-labs/compozy-qa-misc-network-goal-release-site-20260730-060405-932516-lab/qa-artifacts/qa,,CH-mid-turn-bridge-restart,pending,,Not executed in this round.
NB-032,blocked-verify,standard_local_execution_candidate,no_separate_external_prerequisite_identified,Stream bridge health (SSE),docs/qa/scenarios/NB-032.md,Document-based feasibility estimate; not an executed verdict; Codex Luna xhigh ACP canary still required,J-23,Omar,"`GET /api/bridges/health/stream?bridge_ids=` requires 1–200 currently loaded bridge IDs, emits a bounded initial snapshot followed by stable-ID diffs, and never exposes health for an unrequested bridge; the web splits larger loaded sets into bounded streams.",docs/qa/reports/2026-07-28-untested-full.md,qa/evidence/batch-024-bridges-notifications/nb024-nb046-final-summary.json; qa/evidence/batch-024-bridges-notifications/nb024-nb046-rerun.json;/Users/pedronauck/dev/qa-labs/compozy-qa-misc-network-goal-release-site-20260730-060405-932516-lab/qa-artifacts/qa,,CH-037;CH-untested-valid-008-23-omar,pending,,Not executed in this round.
NB-037,blocked-verify,standard_local_execution_candidate,no_separate_external_prerequisite_identified,Put bridge secret binding,docs/qa/scenarios/NB-037.md,Document-based feasibility estimate; not an executed verdict; Codex Luna xhigh ACP canary still required,J-connect-bridge-provider,Tessa,`PUT /api/bridges/:id/secret-bindings/:binding_name` stores binding + secret value and returns binding metadata only; CLI accepts an optional write-only value only through `--secret-value-stdin` or `--secret-value-file` and rejects inline argv secret material.,docs/qa/reports/2026-07-28-untested-full.md,qa/evidence/batch-024-bridges-notifications/nb036-nb037-secret-bindings-retest.json; qa/evidence/batch-024-bridges-notifications/nb024-nb046-final-summary.json;/Users/pedronauck/dev/qa-labs/compozy-qa-misc-network-goal-release-site-20260730-060405-932516-lab/qa-artifacts/qa,,CH-first-slack-response;CH-structured-telegram-setup,pending,,Not executed in this round.
NB-045,blocked-verify,standard_local_execution_candidate,no_separate_external_prerequisite_identified,Get / create / delete notification preset,docs/qa/scenarios/NB-045.md,Document-based feasibility estimate; not an executed verdict; Codex Luna xhigh ACP canary still required,J-23,Bruno,`GET /:name` returns one; `POST` creates (strict JSON); `DELETE /:name` → 204. CLI exposes `notification show/create/delete`.,docs/qa/reports/2026-07-28-untested-full.md,qa/evidence/batch-024-bridges-notifications/nb043-nb046-notifications-retest.json; qa/evidence/batch-024-bridges-notifications/nb024-nb046-final-summary.json;/Users/pedronauck/dev/qa-labs/compozy-qa-misc-network-goal-release-site-20260730-060405-932516-lab/qa-artifacts/qa,,CH-untested-021-23-bruno,pending,,Not executed in this round.
NB-047,blocked-verify,standard_local_execution_candidate,no_separate_external_prerequisite_identified,Return to Network work without workspace bleed,docs/qa/scenarios/NB-047.md,Document-based feasibility estimate; not an executed verdict; Codex Luna xhigh ACP canary still required,J-23,Théo,"Returning to Network shows daemon-ordered cross-channel thread/direct recents from the embedded channel projection; last-read state is isolated by workspace, surface, and conversation; unread dots and the New divider never bleed across workspaces; reading one conversation advances only that conversation; immediately creating, resolving, or sending after a workspace switch always targets the workspace in the URL.",docs/qa/reports/2026-07-28-untested-full.md,/Users/pedronauck/dev/qa-labs/compozy-qa-misc-network-goal-release-site-20260730-060405-932516-lab/qa-artifacts/qa,,CH-037,pending,,Not executed in this round.
NB-agent-manages-participation,blocked-verify,standard_local_execution_candidate,no_separate_external_prerequisite_identified,Manage participation through structured agent surfaces,docs/qa/scenarios/NB-agent-manages-participation.md,Document-based feasibility estimate; not an executed verdict; Codex Luna xhigh ACP canary still required,J-run-bounded-live-collaboration,Ada,"CLI, HTTP, UDS, and native tools expose the same immutable mode, source, channel, finite bounds, consumption, and actual-or-unavailable usage; invalid or unauthorized requests return stable named diagnostics without partial execution state.",docs/qa/reports/2026-07-28-untested-full.md,docs/qa/evidence/2026-07-14-network-changes/ch-live-bounds-agent-path.md;/Users/pedronauck/dev/qa-labs/compozy-network-live-bounds-20260715-061317-610983-lab/qa-artifacts/qa/qa-audit-report.json;/Users/pedronauck/dev/qa-labs/compozy-qa-misc-network-goal-release-site-20260730-060405-932516-lab/qa-artifacts/qa,BUG-20260715-network-usage-workspace-name-empty;BUG-20260715-taskless-network-wake-run-unreadable,CH-live-bounds-agent-path,pending,,Not executed in this round.
NB-bridge-edit-reply,blocked-verify,separate_prerequisite_or_review,external_bridge_contract,Preserve bridge edit and reply intent,docs/qa/scenarios/NB-bridge-edit-reply.md,Document-based feasibility estimate; not an executed verdict; Codex Luna xhigh ACP canary still required,J-edit-reply-context,Maya,"A supported Slack or Telegram message edit reaches the routed agent as a distinct edit with the affected message identity and replacement or deletion operation; Slack, Telegram, and Google Chat replies include bounded already-observed parent text and author when available, while a cache miss remains empty without a provider fetch or workspace, instance, or conversation bleed.",docs/qa/reports/2026-07-28-untested-full.md,/home/pedronauck/dev/qa-labs/compozy-hermes-bridge-task-10-20260713-022226-583543-lab/qa-artifacts/qa/notes/bridge-charter-results.json; /home/pedronauck/dev/qa-labs/compozy-hermes-bridge-task-10-20260713-022226-583543-lab/qa-artifacts/qa/test-cases/bridge-qa-fixture.json; /home/pedronauck/dev/qa-labs/compozy-hermes-bridge-task-10-20260713-022226-583543-lab/qa-artifacts/qa/logs/bridge-fake-api.jsonl;/Users/pedronauck/dev/qa-labs/compozy-qa-misc-network-goal-release-site-20260730-060405-932516-lab/qa-artifacts/qa,,CH-edit-reply-context,pending,,Not executed in this round.
NB-bridge-overload-recovery,blocked-verify,conditional_local_preparation,controlled_bridge_fault,Recover a first-party bridge delivery from provider overload,docs/qa/scenarios/NB-bridge-overload-recovery.md,Document-based feasibility estimate; not an executed verdict; Codex Luna xhigh ACP canary still required,J-connect-bridge-provider,Omar,"""A first-party outbound bridge call receiving HTTP 529 classifies the failure as `overloaded`, waits once through the distinct bounded overload profile, and succeeds on the next provider response. HTTP 500 is `server_error`, a connection reset remains `transient`, and a positive `Retry-After` is preserved exactly. A committed mutation is never replayed, delegated ACP agents are unaffected, and no provider-local retry loop exists.""",docs/qa/reports/2026-07-28-untested-full.md,/Users/pedronauck/dev/qa-labs/compozy-qa-misc-network-goal-release-site-20260730-060405-932516-lab/qa-artifacts/qa,,CH-bridge-overload-taxonomy,pending,,Not executed in this round.
NB-bridge-provider-setup,blocked-verify,separate_prerequisite_or_review,external_bridge_contract,"Set up, verify, and test bridge providers",docs/qa/scenarios/NB-bridge-provider-setup.md,Document-based feasibility estimate; not an executed verdict; Codex Luna xhigh ACP canary still required,J-connect-bridge-provider,Tessa,"Public Compozy surfaces generate a schema-valid Slack manifest; accept interactive or strict JSON setup without exposing secrets; require exactly one private-chat, ordinary-group, or forum-topic routing shape per Telegram bridge; reject credential-bearing upstream endpoints from provider configuration; return actionable pass, warn, fail, or skipped verification records without changing lifecycle state; make bare `compozy doctor` perform no live bridge checks while `compozy doctor --only bridge` opts in; register Telegram webhooks; send one real provider test message while preserving valid UTF-8 opaque target IDs, including URL-encoded `/` in the path ID, and accepting only literal `direct-send` or `reply` while rejecting explicit empty or null mode; and keep test-delivery dry-run only.",docs/qa/reports/2026-08-07-remote-gateway.md,/home/pedronauck/dev/qa-labs/compozy-hermes-bridge-task-10-20260713-022226-583543-lab/qa-artifacts/qa/notes/bridge-charter-results.json; /home/pedronauck/dev/qa-labs/compozy-hermes-bridge-task-10-20260713-022226-583543-lab/qa-artifacts/qa/issues/BUG-0039.md;/Users/pedronauck/dev/qa-labs/compozy-qa-misc-network-goal-release-site-20260730-060405-932516-lab/qa-artifacts/qa;/Users/pedronauck/dev/qa-labs/compozy-remote-gateway-20260807-202655-957508-lab/qa-artifacts/qa/test-cases/40-webhook-boundaries-and-projection.json,BUG-20260713-telegram-route-shapes,CH-guided-setup-credentials;CH-first-slack-response;CH-bridge-verification-secrets;CH-gateway-mid-delivery-exposure;CH-structured-telegram-setup,pending,,Not executed in this round.
NB-bridge-restart-recovery,blocked-verify,separate_prerequisite_or_review,external_bridge_contract,Recover unfinished bridge delivery after restart,docs/qa/scenarios/NB-bridge-restart-recovery.md,Document-based feasibility estimate; not an executed verdict; Codex Luna xhigh ACP canary still required,J-recover-mid-turn-restart,Omar,"After a daemon restart, every durable active bridge delivery is reconciled within its exact scope and workspace before new prompt or delivery registration side effects; a row with no unmatched send intent receives one visible standard terminal error post without replaying persisted text, while a row whose sent sequence is ahead of its acknowledged sequence is terminalized locally as indeterminate without another provider call; recovery never advances `last_success_at`; a terminal metric-persistence error for one removed or conflicting instance is exposed through redacted health without stopping later healthy-instance metric writes; and the Web detail renders only daemon-owned backlog, failure, drop, authentication-failure, last-success, and active-route values.",docs/qa/reports/2026-07-28-untested-full.md,/home/pedronauck/dev/qa-labs/compozy-hermes-bridge-task-10-20260713-022226-583543-lab/qa-artifacts/qa/notes/bridge-charter-results.json;/Users/pedronauck/dev/qa-labs/compozy-qa-misc-network-goal-release-site-20260730-060405-932516-lab/qa-artifacts/qa,,CH-mid-turn-bridge-restart,pending,,Not executed in this round.
NB-bridge-tool-progress,blocked-verify,separate_prerequisite_or_review,external_bridge_contract,Observe safe bridge tool progress,docs/qa/scenarios/NB-bridge-tool-progress.md,Document-based feasibility estimate; not an executed verdict; Codex Luna xhigh ACP canary still required,J-watch-agent-work-channel,Maya,"With progress enabled, a tool-heavy bridged turn shows an ordered and canonically redacted started-to-completed-or-failed lifecycle in the public channel; terminal-command previews expose command names without arguments, native-tool result fields use canonical redaction, queue pressure coalesces intermediate updates without losing terminal state, and the corresponding session transcript and ACP history contain no progress chrome.",docs/qa/reports/2026-08-08-remote-gateway-toolmeta-remediation.md,/home/pedronauck/dev/qa-labs/compozy-hermes-bridge-task-10-20260713-022226-583543-lab/qa-artifacts/qa/notes/bridge-charter-results.json; /home/pedronauck/dev/qa-labs/compozy-hermes-bridge-task-10-20260713-022226-583543-lab/qa-artifacts/qa/logs/bridge-fake-api.jsonl;/Users/pedronauck/dev/qa-labs/compozy-qa-misc-network-goal-release-site-20260730-060405-932516-lab/qa-artifacts/qa;/Users/pedronauck/dev/qa-labs/compozy-remote-gateway-toolmeta-remediation-20260808-060444-758800-lab/qa-artifacts/qa/test-cases/10-bridge-progress-integration.log;/Users/pedronauck/dev/qa-labs/compozy-remote-gateway-toolmeta-remediation-20260808-060444-758800-lab/qa-artifacts/qa/provider-attempt.json,BUG-20260808-bridge-enable-without-config,CH-bridge-progress-stress,pending,,Not executed in this round.
NB-coordination-invitation-future-runs,blocked-verify,standard_local_execution_candidate,no_separate_external_prerequisite_identified,Coordination invitation accepts for future runs only,docs/qa/scenarios/NB-coordination-invitation-future-runs.md,Document-based feasibility estimate; not an executed verdict; Codex Luna xhigh ACP canary still required,J-enable-coordinated-conversations,Bruno,"On an active multi-agent run with coordination off and Network available, the invitation is visible, states that acceptance does not change the active run, accept enables workspace coordination for future runs, and dismiss persists via daemon invitation GET across reload.",docs/qa/reports/2026-07-28-untested-full.md,docs/qa/evidence/2026-07-14-network-changes/ch-coordination-future-runs.md;/Users/pedronauck/dev/qa-labs/compozy-network-coordination-future-runs-20260715-081644-086405-lab/qa-artifacts/qa/teardown.json;/Users/pedronauck/dev/qa-labs/compozy-qa-misc-network-goal-release-site-20260730-060405-932516-lab/qa-artifacts/qa,BUG-20260715-task-run-designation-hidden,CH-coordination-future-runs,pending,,Not executed in this round.
NB-indeterminate-bridge-delivery,blocked-verify,separate_prerequisite_or_review,external_bridge_contract,Handle indeterminate bridge delivery without replay,docs/qa/scenarios/NB-indeterminate-bridge-delivery.md,Document-based feasibility estimate; not an executed verdict; Codex Luna xhigh ACP canary still required,J-connect-bridge-provider,Omar,"""A real bridge send reports `delivered` only with a non-empty provider remote ID. Every provider ACK is an object with explicit non-empty `delivery_id` and integer `seq` matching the request: explicit `seq: 0` is valid, while missing, null, wrong-type, or mismatched identity is invalid. A mutation that may have committed but whose ACK or required result cannot be materialized reports `committed_result_unavailable` with a redacted error and no remote ID, is never replayed automatically, and leaves later independent text eligible after an indeterminate progress update. Credential-bearing provider clients return the original `3xx` without forwarding credentials or replaying mutation bodies to a redirect target.""",docs/qa/reports/2026-07-28-untested-full.md,/Users/pedronauck/dev/qa-labs/compozy-qa-misc-network-goal-release-site-20260730-060405-932516-lab/qa-artifacts/qa,,CH-untested-054-connect-bridge-provider-omar,pending,,Not executed in this round.
NB-long-bridge-replies,blocked-verify,separate_prerequisite_or_review,external_bridge_contract,Deliver long bridge replies safely,docs/qa/scenarios/NB-long-bridge-replies.md,Document-based feasibility estimate; not an executed verdict; Codex Luna xhigh ACP canary still required,J-deliver-long-formatted-reply,Omar,"A terminal reply above the platform cap is delivered as ordered numbered messages whose wire bodies stay within Slack 40,000 UTF-16 code units, Telegram 4,096 UTF-16 code units, Discord 2,000 Unicode code points, Teams 28,000 Unicode code points, Google Chat 32,000 UTF-8 bytes, or WhatsApp 4,096 Unicode code points; edit-capable cumulative previews stay in one mutable message until terminal continuations materialize; after an exhausted typed provider retry, same-process redelivery resumes at the first unsent chunk without duplicating the acknowledged prefix; platform markup stays readable; and the delivery acknowledgement points to the final remote message.",docs/qa/reports/2026-07-28-untested-full.md,/home/pedronauck/dev/qa-labs/compozy-hermes-bridge-task-10-20260713-022226-583543-lab/qa-artifacts/qa/notes/bridge-charter-results.json;/Users/pedronauck/dev/qa-labs/compozy-qa-misc-network-goal-release-site-20260730-060405-932516-lab/qa-artifacts/qa,,CH-long-provider-replies,pending,,Not executed in this round.
NB-network-availability-toggle,blocked-verify,standard_local_execution_candidate,no_separate_external_prerequisite_identified,Disable and re-enable Network without collateral damage,docs/qa/scenarios/NB-network-availability-toggle.md,Document-based feasibility estimate; not an executed verdict; Codex Luna xhigh ACP canary still required,J-administer-network-live,Bruno,"Disabling Network rejects new Live participation, cancels and truthfully settles active wakes, preserves conversation and usage data read-only, and leaves Local work unaffected; re-enabling advances availability without replaying or duplicating old wake sources.",docs/qa/reports/2026-07-28-untested-full.md,docs/qa/evidence/2026-07-14-network-changes/ch-network-admin-lifecycle.md;/Users/pedronauck/dev/qa-labs/compozy-qa-misc-network-goal-release-site-20260730-060405-932516-lab/qa-artifacts/qa,,CH-network-admin-lifecycle,pending,,Not executed in this round.
NB-network-live-config-lifecycle,blocked-verify,standard_local_execution_candidate,no_separate_external_prerequisite_identified,Manage Live participation configuration lifecycle,docs/qa/scenarios/NB-network-live-config-lifecycle.md,Document-based feasibility estimate; not an executed verdict; Codex Luna xhigh ACP canary still required,J-administer-network-live,Bruno,"Supported `[network.live.defaults]` and `[network.live.limits]` values survive reload and restart, while removed Network keys are rejected without changing active availability.",docs/qa/reports/2026-07-28-untested-full.md,docs/qa/evidence/2026-07-14-network-changes/ch-network-admin-lifecycle.md;/Users/pedronauck/dev/qa-labs/compozy-qa-misc-network-goal-release-site-20260730-060405-932516-lab/qa-artifacts/qa,,CH-network-admin-lifecycle,pending,,Not executed in this round.
NB-provider-progress-rendering,blocked-verify,separate_prerequisite_or_review,external_bridge_contract,Render live tool progress across bridge providers,docs/qa/scenarios/NB-provider-progress-rendering.md,Document-based feasibility estimate; not an executed verdict; Codex Luna xhigh ACP canary still required,J-watch-agent-work-channel,Maya,"Slack, Telegram, and Discord render default-on tool progress as one editable channel bubble with typing and reaction affordances; opted-in Teams and Google Chat update one status; WhatsApp emits sparse append-only statuses; the final answer stays separate; disabling progress makes no platform call; GitHub and Linear acknowledge progress without writing to issues; concurrent progress events for one delivery create exactly one dispatcher and one progress bubble; and repeated events in the same phase do not reapply the same reaction.",docs/qa/reports/2026-07-28-untested-full.md,/home/pedronauck/dev/qa-labs/compozy-hermes-bridge-task-10-20260713-022226-583543-lab/qa-artifacts/qa/notes/bridge-charter-results.json; /home/pedronauck/dev/qa-labs/compozy-hermes-bridge-task-10-20260713-022226-583543-lab/qa-artifacts/qa/logs/bridge-fake-api.jsonl;/Users/pedronauck/dev/qa-labs/compozy-qa-misc-network-goal-release-site-20260730-060405-932516-lab/qa-artifacts/qa,,CH-bridge-progress-stress,pending,,Not executed in this round.
NB-run-bounded-live-collaboration,blocked-verify,standard_local_execution_candidate,no_separate_external_prerequisite_identified,Run bounded Live collaboration without duplicate wakes,docs/qa/scenarios/NB-run-bounded-live-collaboration.md,Document-based feasibility estimate; not an executed verdict; Codex Luna xhigh ACP canary still required,J-run-bounded-live-collaboration,Ada,"An explicitly Live execution durably accepts eligible direct messages and mentions, coalesces one causal burst, prompts the target once with untrusted Network context, settles actual usage or a truthful canceled/deadline outcome, recovers queued wakes after restart, and accumulates without prompting at depth or total-budget ceilings.",docs/qa/reports/2026-07-28-untested-full.md,docs/qa/evidence/2026-07-14-network-changes/ch-live-bounds-agent-path.md;/Users/pedronauck/dev/qa-labs/compozy-network-live-bounds-20260715-061317-610983-lab/qa-artifacts/qa/teardown.json;/Users/pedronauck/dev/qa-labs/compozy-qa-misc-network-goal-release-site-20260730-060405-932516-lab/qa-artifacts/qa,BUG-20260715-network-usage-workspace-name-empty;BUG-20260715-network-wake-restart-target-stopped;BUG-20260715-taskless-network-wake-run-unreadable,CH-live-bounds-agent-path,pending,,Not executed in this round.
NB-run-conversation-bounds-usage,blocked-verify,standard_local_execution_candidate,no_separate_external_prerequisite_identified,"Run detail shows conversation, bounds, and truthful usage",docs/qa/scenarios/NB-run-conversation-bounds-usage.md,Document-based feasibility estimate; not an executed verdict; Codex Luna xhigh ACP canary still required,J-enable-coordinated-conversations,Bruno,"Coordinated run detail shows the participation chip, an empty conversation explaining silence when no messages exist, paginated history when messages exist, and workspace-scoped usage labeled actual or usage_unavailable with no fabricated totals.",docs/qa/reports/2026-07-28-untested-full.md,docs/qa/evidence/2026-07-14-network-changes/ch-coordination-future-runs.md;/Users/pedronauck/dev/qa-labs/compozy-network-coordination-future-runs-20260715-081644-086405-lab/qa-artifacts/qa/teardown.json;/Users/pedronauck/dev/qa-labs/compozy-qa-misc-network-goal-release-site-20260730-060405-932516-lab/qa-artifacts/qa,BUG-20260715-run-conversation-hardcoded-empty;BUG-20260715-designated-fanout-conversation-split;BUG-20260715-shared-button-focus-invisible,CH-coordination-future-runs,pending,,Not executed in this round.
NB-web-bridge-setup,blocked-verify,separate_prerequisite_or_review,external_bridge_contract,Complete bridge setup in the Web,docs/qa/scenarios/NB-web-bridge-setup.md,Document-based feasibility estimate; not an executed verdict; Codex Luna xhigh ACP canary still required,J-complete-web-bridge-setup,Tessa,"A browser-first operator can create a disabled Slack bridge, copy its daemon-generated manifest, follow daemon-derived setup state and inline verification remediation, register Telegram webhooks, and distinguish dry-run target checks from real test sends. At 320px, the create dialog and detail panel reflow their step navigation, provider cards, actions, secret inputs, complete secret references, and provider/config metadata without horizontal scrolling or clipping.",docs/qa/reports/2026-07-28-untested-full.md,/home/pedronauck/dev/qa-labs/compozy-hermes-bridge-task-10-20260713-022226-583543-lab/qa-artifacts/qa/notes/bridge-charter-results.json; /home/pedronauck/dev/qa-labs/compozy-hermes-bridge-task-10-20260713-022226-583543-lab/qa-artifacts/qa/screenshots/ch055-create-handoff.png; /home/pedronauck/dev/qa-labs/compozy-hermes-bridge-task-10-20260713-022226-583543-lab/qa-artifacts/qa/screenshots/ch055-failed-remediation.png; /home/pedronauck/dev/qa-labs/compozy-hermes-bridge-task-10-20260713-022226-583543-lab/qa-artifacts/qa/screenshots/ch055-send-result.png;/Users/pedronauck/dev/qa-labs/compozy-qa-misc-network-goal-release-site-20260730-060405-932516-lab/qa-artifacts/qa,BUG-20260712-bridge-e2e-retired-route,CH-web-bridge-setup,pending,,Not executed in this round.
NB-web-network-head-trail,blocked-verify,standard_local_execution_candidate,no_separate_external_prerequisite_identified,Network window head drills only into conversations,docs/qa/scenarios/NB-web-network-head-trail.md,Document-based feasibility estimate; not an executed verdict; Codex Luna xhigh ACP canary still required,J-23,Théo,"With a channel selected, the network window head stays at root level — glyph, ""Network"", channel count, ""Active · N live"" status, and the create-channel action. Opening a thread or direct drills the head to back + Network / #channel crumbs with the conversation title (thread title or @peer) as leaf, swaps the status to the open-work chip when work is open, and suppresses the create action; back returns to the channel, crumbs navigate to their level.",docs/qa/reports/2026-07-28-untested-full.md,/Users/pedronauck/dev/qa-labs/compozy-qa-misc-network-goal-release-site-20260730-060405-932516-lab/qa-artifacts/qa,,CH-untested-023-23-theo,pending,,Not executed in this round.
REL-beta-channel-contract,blocked-decision,separate_prerequisite_or_review,release_channel,Inspect one truthful beta channel contract before publication,docs/qa/scenarios/REL-beta-channel-contract.md,Document-based feasibility estimate; not an executed verdict; Codex Luna xhigh ACP canary still required,J-approve-compozy-beta-candidate,Dora,"The README, rendered site, official Compozy skill, installer source, update guidance, release workflow, and generated package metadata agree on per-architecture Electron beta packages, immutable GitHub Release assets, signed `compat.json`, one audited ref-CAS `channel-beta` generation, npm @compozy/cli@beta, pinned github.com/compozy/compozy Go install, Sigstore provenance, and no Homebrew path before stable, without claiming that an unpublished candidate is live.",docs/qa/reports/2026-08-17-electron-shell.md,docs/qa/reports/2026-08-17-electron-shell.md,BUG-20260817-explicit-release-web-assets-sync; BUG-20260817-macos-finalized-dmg-integrity-stale; BUG-20260817-macos-channel-manifest-includes-dmg; BUG-20260817-linux-channel-manifest-includes-deb,CH-compozy-beta-candidate;CH-desktop-release-rehearsal;CH-electron-channel-publish-repair,pending,,Not executed in this round.
REL-beta-install-paths,blocked-decision,separate_prerequisite_or_review,release_channel,Install CompozyOS through a documented beta channel,docs/qa/scenarios/REL-beta-install-paths.md,Document-based feasibility estimate; not an executed verdict; Codex Luna xhigh ACP canary still required,J-evaluate-compozy-beta,Dora,"The hosted installer, `npm install -g @compozy/cli@beta`, and the pinned `go install` command from the latest release notes each install the same latest published v0.3 beta binary; `https://compozy.com/install.sh` and the site install surfaces resolve that tag dynamically (no hand-maintained version literal anywhere); the hosted installer opens bootstrap when it has an interactive terminal, npm and Go require `compozy install`, and the README and site offer no Homebrew path before v0.3.0 stable.",docs/qa/reports/2026-08-17-electron-shell.md,docs/qa/reports/2026-08-17-electron-shell.md,BUG-20260814-go-install-replace-directives,CH-electron-install-docs-canary;CH-beta-install-channels;CH-untested-057-evaluate-compozy-beta-dora;CH-compozy-landing-canary,pending,,Not executed in this round.
REL-beta-installer-provenance,blocked-decision,separate_prerequisite_or_review,release_channel,Verify the hosted beta installer through Sigstore,docs/qa/scenarios/REL-beta-installer-provenance.md,Document-based feasibility estimate; not an executed verdict; Codex Luna xhigh ACP canary still required,J-evaluate-compozy-beta,Dora,"`https://compozy.com/install.sh` serves a script pinned to the latest published release tag, downloads the `compozy` archive and checksum bundle from `compozy/compozy`, uses only compatible local Cosign v3 or the pinned Cosign v3.1.3 verifier, verifies the release workflow identity and archive checksum without provenance fallback, and installs the matching binary. Each GitHub release also carries an `install.sh` asset pinned to its own tag.",docs/qa/reports/2026-08-17-electron-shell.md,docs/qa/reports/2026-08-17-electron-shell.md,BUG-20260817-signed-macos-x64-digest-drift; BUG-20260817-macos-finalized-dmg-integrity-stale; BUG-20260817-desktop-smoke-local-isolation,CH-electron-install-docs-canary;CH-untested-057-evaluate-compozy-beta-dora;CH-compozy-landing-canary,pending,,Not executed in this round.
REL-beta-self-update,blocked-decision,separate_prerequisite_or_review,release_channel,Keep self-update on the running beta line,docs/qa/scenarios/REL-beta-self-update.md,Document-based feasibility estimate; not an executed verdict; Codex Luna xhigh ACP canary still required,J-evaluate-compozy-beta,Dora,"A v0.3 beta direct binary selects the newest non-draft v0.3 beta, verifies and extracts its official archive within the runtime artifact policy, replaces only the isolated executable, and reports the installed beta version.",docs/qa/reports/2026-08-17-electron-shell.md,docs/qa/reports/2026-08-17-electron-shell.md,BUG-20260812-successful-update-recommends-retry,CH-electron-install-docs-canary;CH-beta-self-update-artifact-contract;CH-untested-057-evaluate-compozy-beta-dora;CH-compozy-landing-canary,pending,,Not executed in this round.
REL-channel-repair-known-good,blocked-decision,separate_prerequisite_or_review,release_channel,Repair the desktop channel to a known-good generation,docs/qa/scenarios/REL-channel-repair-known-good.md,Document-based feasibility estimate; not an executed verdict; Codex Luna xhigh ACP canary still required,J-publish-compozy-beta,Dora,"Repair verifies every immutable release asset, records one audit commit, and atomically restores both platform manifests without exposing a partial generation.",docs/qa/reports/2026-08-17-electron-shell.md,docs/qa/reports/2026-08-17-electron-shell.md,,CH-desktop-release-rehearsal;CH-electron-channel-publish-repair,pending,,Not executed in this round.
RT-008,blocked-verify,standard_local_execution_candidate,no_separate_external_prerequisite_identified,Delete workspace,docs/qa/scenarios/RT-008.md,Document-based feasibility estimate; not an executed verdict; Codex Luna xhigh ACP canary still required,J-retire-workspace,Bruno,"`DELETE /api/workspaces/:id` → 204; fails 409 if any *active* session exists; otherwise atomically unregisters, deletes stopped sessions, and removes that workspace's MCP OAuth rows and encrypted access/refresh values while preserving global and sibling-workspace credentials.",docs/qa/reports/2026-07-28-untested-full.md,`workspaces.go:221-305`; qa/evidence/batch-002-workspaces/rt008-*;/Users/pedronauck/dev/qa-labs/compozy-qa-rt-current-source-20260730-20260730-061631-252740-lab/qa-artifacts/qa,,CH-untested-072-retire-workspace-bruno,pending,,Not executed in this round.
RT-013,blocked-decision,separate_prerequisite_or_review,contract_or_decision_reconciliation,Stop session,docs/qa/scenarios/RT-013.md,Document-based feasibility estimate; not an executed verdict; Codex Luna xhigh ACP canary still required,J-13,Théo,`POST .../sessions/:sid/stop` → 204; persisted history preserved; session removed from active set.,docs/qa/reports/2026-07-28-untested-full.md,`handlers.go:480-491`; `use-session-actions.ts:109-122`; qa/evidence/batch-003-sessions/rt013-*; docs/qa/reports/2026-07-08-session-improvements.md; qa/evidence/046-session-lifecycle-browser,BUG-20260729-session-window-cross-tab-focus; BUG-20260713-first-prompt-optimistic-stuck,CH-016,pending,,Not executed in this round.
RT-015,blocked-decision,separate_prerequisite_or_review,contract_or_decision_reconciliation,Attach / resume session,docs/qa/scenarios/RT-015.md,Document-based feasibility estimate; not an executed verdict; Codex Luna xhigh ACP canary still required,J-11,Théo,"`POST .../sessions/:sid/attach` with optional `{ttl_seconds,attached_to}` → 200 with attach lease (expires_at); ttl > max → 400; locked/not-attachable → 409. Resume aliases attach.",docs/qa/reports/2026-07-28-untested-full.md,/Users/pedronauck/dev/qa-labs/compozy-northstar-pay-20260729-021949-664736-lab/qa-artifacts/qa/evidence/047-session-delete-attach,BUG-20260729-session-window-cross-tab-focus; BUG-20260729-session-attach-openapi-ttl,CH-019;CH-014,pending,,Not executed in this round.
RT-018,blocked-verify,separate_prerequisite_or_review,specific_provider_or_failure,Send prompt (stream),docs/qa/scenarios/RT-018.md,Document-based feasibility estimate; not an executed verdict; Codex Luna xhigh ACP canary still required,J-13,Théo,"`POST .../sessions/:sid/prompt` with `{message|messages, runtime?}` auto-resumes an eligible stopped public session under the same id and history, applies the supplied or selected runtime snapshot, then streams Vercel-AI-UI SSE; the Web composer is available for public user, system, coordinator, and spawned sessions; while busy, ordinary input enters the durable queue with its runtime snapshot and returns 202; empty message → 400.",docs/qa/reports/2026-09-05-sessions-stability-task01-02.md,`httpapi/prompt.go:25-104`; `prompt_stream.go:157-181`; `agents.$name.sessions.$id.tsx:59-73`; qa/evidence/batch-003-sessions/rt018-*; docs/qa/reports/2026-07-08-session-improvements.md;/Users/pedronauck/dev/qa-labs/compozy-qa-rt-current-source-20260730-20260730-061631-252740-lab/qa-artifacts/qa;/Users/pedronauck/dev/qa-labs/compozy-root-fixes-retest-20260730-072350-328928-lab/qa-artifacts/qa/evidence/root-fixes/public-replay.md;docs/qa/evidence/2026-07-30-session-runtime-selector/runtime-selector-proof.md;/Users/pedronauck/dev/qa-labs/compozy-durable-acp-sessions-20260804-164200-701355-lab/qa-artifacts/qa/evidence/transcript-continuity.md;/Users/pedronauck/dev/qa-labs/compozy-durable-acp-sessions-20260804-164200-701355-lab/qa-artifacts/qa/evidence/04-resumed-same-history-after-restart.png;/Users/pedronauck/dev/qa-labs/compozy-loop-agent-ownership-r2-20260806-040706-936266-lab/qa-artifacts/qa/evidence/session-resume-prompt.jsonl;/Users/pedronauck/dev/qa-labs/compozy-loop-agent-ownership-r2-20260806-040706-936266-lab/qa-artifacts/qa/evidence/session-resume-ledger-replaced.txt;/Users/pedronauck/dev/qa-labs/compozy-pi-bound-secret-response-20260814-235531-199048-lab/qa-artifacts/qa/evidence/pi-bound-secret;/Users/pedronauck/dev/qa-labs/compozy-pr-447-runtime-recovery-20260821-020432-748658-lab/qa-artifacts/qa/evidence/stopped-session-transcript.json;/Users/pedronauck/dev/qa-labs/compozy-pr-447-runtime-recovery-20260821-020432-748658-lab/qa-artifacts/qa/evidence/rt018-stopped-web-followup.png;/Users/pedronauck/dev/qa-labs/compozy-issue-507-managed-session-prompts-20260901-132128-970654-lab/qa-artifacts/qa/evidence/issue-507/managed-stopped-resume.png;/Users/pedronauck/dev/qa-labs/compozy-issue-507-managed-session-prompts-20260901-132128-970654-lab/qa-artifacts/qa/evidence/issue-507/managed-resumed-same-session.png;/Users/pedronauck/dev/qa-labs/compozy-issue-507-managed-session-prompts-20260901-132128-970654-lab/qa-artifacts/qa/evidence/issue-507/user-resumed-same-session.png;/Users/pedronauck/dev/qa-labs/compozy-issue-507-managed-session-prompts-20260901-132128-970654-lab/qa-artifacts/qa/journey-log.jsonl;docs/qa/reports/2026-09-05-sessions-stability-task01-02.md;/Users/pedronauck/dev/qa-labs/compozy-sessions-stability-task01-02-20260905-154017-502928-lab/qa-artifacts/qa/evidence/walkD-prompt-first.jsonl;/Users/pedronauck/dev/qa-labs/compozy-sessions-stability-task01-02-20260905-154017-502928-lab/qa-artifacts/qa/evidence/walkD-events.json;/Users/pedronauck/dev/qa-labs/compozy-sessions-stability-task01-02-20260905-154017-502928-lab/qa-artifacts/qa/evidence/screenshots/f3-01-claude-running.png,BUG-20260730-resultless-tool-call-running;BUG-20260804-stopped-prompt-restart-panic,CH-016;CH-stopped-session-prompt-continuity;CH-managed-session-intervention;CH-prompt-bound-runtime-transition,pending,,Not executed in this round.
RT-024,pass,standard_local_execution_candidate,no_separate_external_prerequisite_identified,Session health/status/inspect,docs/qa/scenarios/RT-024.md,Document-based feasibility estimate; not an executed verdict; Codex Luna xhigh ACP canary still required,J-11,Théo,"`GET .../health` full health; `.../status` compact (state, active_prompt, attachable, eligible_for_wake, ineligibility_reason, wake_state); `.../inspect[?include_recent_wake_events]` adds policy/config digests + wake events.",docs/qa/reports/2026-07-28-untested-full.md,`authored_context.go:756-833`; `session-inspector.tsx`; qa/evidence/batch-003-sessions/rt024-*; docs/qa/reports/2026-07-08-session-improvements.md; /Users/pedronauck/dev/qa-labs/compozy-northstar-pay-20260729-021949-664736-lab/qa-artifacts/qa/evidence/032-session-health-inspect; /Users/pedronauck/dev/qa-labs/compozy-northstar-pay-20260729-021949-664736-lab/qa-artifacts/qa/evidence/034-session-inspector,BUG-20260910-disabled-session-ledger;BUG-20260910-profile-agent-heartbeat-missing,CH-014,fixed-and-verified,docs/qa/evidence/2026-09-10-qa-execution-unblock/profile-patch-parity-summary.json;docs/qa/evidence/2026-09-10-qa-execution-unblock/profile-patch-memory-web.png,Both fixes in 4f5ae5298; make gate passed; complete HTTP/UDS/Web retest and restart persistence verified.
RT-026,blocked-verify,separate_prerequisite_or_review,specific_provider_or_failure,Provider auth probe,docs/qa/scenarios/RT-026.md,Document-based feasibility estimate; not an executed verdict; Codex Luna xhigh ACP canary still required,J-administer-provider-auth,Dora,"`POST /api/providers/:id/auth/probe` resolves `auth_status_command` once through the prepared sandbox command runtime, executes that exact terminal identity in the final environment and working directory (including Daytona), and returns an exact redacted terminal classification; `auth_mode=none` needs no probe and a missing status command returns 422.",docs/qa/reports/2026-08-02-provider-auth-hard-cut.md,/home/pedronauck/dev/qa-labs/compozy-devtool-oss-launch-20260803-004228-669172-lab/qa-artifacts/qa/evidence/provider-auth/retest-http-probe-before-login.json; /home/pedronauck/dev/qa-labs/compozy-devtool-oss-launch-20260803-004228-669172-lab/qa-artifacts/qa/evidence/provider-auth/retest-post-restart-authenticated.json; /home/pedronauck/dev/qa-labs/compozy-devtool-oss-launch-20260803-004228-669172-lab/qa-artifacts/qa/evidence/provider-auth/retest-no-auth-public-surfaces.json; /home/pedronauck/dev/qa-labs/compozy-devtool-oss-launch-20260803-004228-669172-lab/qa-artifacts/qa/evidence/provider-auth/retest-missing-status-command.json,BUG-20260802-provider-login-secret-disclosure,CH-untested-020-22-dora;CH-provider-auth-surfaces-dora,pending,,Not executed in this round.
RT-030,blocked-verify,standard_local_execution_candidate,no_separate_external_prerequisite_identified,Agent self-identity (`/agent/me`),docs/qa/scenarios/RT-030.md,Document-based feasibility estimate; not an executed verdict; Codex Luna xhigh ACP canary still required,J-32,Ada,"`GET /api/agent/me` with `X-Compozy-Session-Id`/`X-Compozy-Agent` headers → 200 `me{self,workspace,session,lineage}`; missing/mismatch/stale identity → 401; unauthorized → 403; service unavailable → 503.",docs/qa/reports/2026-07-28-untested-full.md,"`agent_identity.go:44-53,122-161`; qa/evidence/batch-003-sessions/rt030-*;/Users/pedronauck/dev/qa-labs/compozy-qa-rt-current-source-20260730-20260730-061631-252740-lab/qa-artifacts/qa",,CH-untested-039-32-ada,pending,,Not executed in this round.
RT-032,blocked-verify,standard_local_execution_candidate,no_separate_external_prerequisite_identified,Bounded agent spawn (`/agent/spawn`),docs/qa/scenarios/RT-032.md,Document-based feasibility estimate; not an executed verdict; Codex Luna xhigh ACP canary still required,J-32,Ada,"`POST /api/agent/spawn` (strict JSON) → 201 with child session + lineage + normalized permission policy; AutoStopOnParent defaults true; spawn-limit → 409, permission-denied → 403, validation → 422.",docs/qa/reports/2026-07-28-untested-full.md,`agent_spawn.go:26-135`; qa/evidence/batch-003-sessions/rt032-*;/Users/pedronauck/dev/qa-labs/compozy-qa-rt-current-source-20260730-20260730-061631-252740-lab/qa-artifacts/qa,,CH-untested-039-32-ada,pending,,Not executed in this round.
RT-037,blocked-verify,standard_local_execution_candidate,no_separate_external_prerequisite_identified,Sandbox profile management,docs/qa/scenarios/RT-037.md,Document-based feasibility estimate; not an executed verdict; Codex Luna xhigh ACP canary still required,J-manage-sandbox-profiles,Dora,`GET/PUT/DELETE /api/settings/sandboxes[/:name]` (HTTP PUT/DELETE privileged); backends `local`/`daytona`/`e2b`; PUT is full replace; builtin profiles cannot be deleted (only overridden); usage count tracks referencing workspaces.,docs/qa/reports/2026-07-28-untested-full.md,`routes.go:482-485`; `sandbox.tsx:44-609`; qa/evidence/batch-004-context-settings/rt037-*; qa/issues/BUG-004.md;/Users/pedronauck/dev/qa-labs/compozy-qa-rt-current-source-20260730-20260730-061631-252740-lab/qa-artifacts/qa,BUG-0004,CH-untested-062-manage-sandbox-profiles-dora,pending,,Not executed in this round.
RT-039,blocked-verify,standard_local_execution_candidate,no_separate_external_prerequisite_identified,Web home dashboard,docs/qa/scenarios/RT-039.md,Document-based feasibility estimate; not an executed verdict; Codex Luna xhigh ACP canary still required,J-11,Théo,"`/_app/` shows the canonical daemon status card and metric grid with loading/fatal-error/disconnected states; Home and the shell indicator share the `/api/status` query cache, only `health.status` can label the daemon degraded, stale navigation counts cannot degrade it, and Active Sessions is an exact backend total.",docs/qa/reports/2026-07-28-untested-full.md,`routes/_app/index.tsx:31-194`; qa/evidence/batch-004-context-settings/rt039-rt041-browser-blocked.json;/Users/pedronauck/dev/qa-labs/compozy-qa-rt-current-source-20260730-20260730-061631-252740-lab/qa-artifacts/qa,,CH-untested-011-11-theo,pending,,Not executed in this round.
RT-041,blocked-verify,standard_local_execution_candidate,no_separate_external_prerequisite_identified,Active workspace scoping (web),docs/qa/scenarios/RT-041.md,Document-based feasibility estimate; not an executed verdict; Codex Luna xhigh ACP canary still required,J-11,Théo,"The explicit route workspace scopes Session and Network reads, mutations, loaders, and cache identity during transitions; switching the active workspace only re-scopes the UI and never stops background sessions; returning to a session preserves its bounded transcript; opening a session owned by another workspace redirects with truthful context.",docs/qa/reports/2026-07-28-untested-full.md,`systems/workspace/index.ts:26-39`; `agents.$name.sessions.$id.tsx:166`; `use-session-actions.ts:52-68`; qa/evidence/batch-004-context-settings/rt039-rt041-browser-blocked.json; docs/qa/reports/2026-07-08-session-improvements.md; docs/qa/evidence/2026-07-08-session-improvements/browser-switchback-fixed-clean-primary.png; docs/qa/evidence/2026-07-08-session-improvements/http-running-detail.json; docs/qa/evidence/2026-07-08-session-improvements/http-stream-transcript-stale.sse;/Users/pedronauck/dev/qa-labs/compozy-qa-rt-current-source-20260730-20260730-061631-252740-lab/qa-artifacts/qa,BUG-0020,CH-background-session-switch;CH-019;CH-014,pending,,Not executed in this round.
RT-043,blocked-verify,standard_local_execution_candidate,no_separate_external_prerequisite_identified,Session thread transcript states,docs/qa/scenarios/RT-043.md,Document-based feasibility estimate; not an executed verdict; Codex Luna xhigh ACP canary still required,J-11,Théo,"Web SessionThread distinguishes transcript pending, transcript error, truly empty success, and non-empty rows; pending/error never show empty-state copy.",docs/qa/reports/2026-07-28-untested-full.md,docs/qa/reports/2026-07-08-session-improvements.md; docs/qa/evidence/2026-07-08-session-improvements/browser-switchback-fixed-clean-primary.png; docs/qa/evidence/2026-07-08-session-improvements/http-running-detail.json; docs/qa/evidence/2026-07-08-session-improvements/http-stream-transcript-stale.sse;/Users/pedronauck/dev/qa-labs/compozy-qa-rt-current-source-20260730-20260730-061631-252740-lab/qa-artifacts/qa;/Users/pedronauck/dev/qa-labs/compozy-root-fixes-retest-20260730-072350-328928-lab/qa-artifacts/qa/evidence/root-fixes/public-replay.md,BUG-0020;BUG-20260730-resultless-tool-call-running,CH-014,pending,,Not executed in this round.
RT-044,blocked-verify,standard_local_execution_candidate,no_separate_external_prerequisite_identified,Session warm-return cache policy,docs/qa/scenarios/RT-044.md,Document-based feasibility estimate; not an executed verdict; Codex Luna xhigh ACP canary still required,J-12,Théo,Warm route return within the documented cache window renders transcript rows immediately; session detail/transcript cache is not evicted by the old 5-minute default.,docs/qa/reports/2026-07-28-untested-full.md,docs/qa/reports/2026-07-08-session-improvements.md;/Users/pedronauck/dev/qa-labs/compozy-qa-rt-current-source-20260730-20260730-061631-252740-lab/qa-artifacts/qa,,CH-untested-valid-003-12-theo;CH-015,pending,,Not executed in this round.
RT-045,blocked-verify,standard_local_execution_candidate,no_separate_external_prerequisite_identified,Return to running session shows transcript,docs/qa/scenarios/RT-045.md,Document-based feasibility estimate; not an executed verdict; Codex Luna xhigh ACP canary still required,J-11,Théo,"Returning to a live background session renders the persisted transcript (warm) or a skeleton then content (cold) — never a 'Start a conversation' pane; the badge never shows running after a terminal event and surfaces the failure reason without refresh; a transient transcript 5xx shows a retryable error pane that self-heals to content, never a silent permanent blank.",docs/qa/reports/2026-07-28-untested-full.md,docs/qa/reports/2026-07-08-session-improvements.md; docs/qa/evidence/2026-07-08-session-improvements/browser-switchback-fixed-clean-primary.png; docs/qa/evidence/2026-07-08-session-improvements/http-running-detail.json; docs/qa/evidence/2026-07-08-session-improvements/http-stream-transcript-stale.sse;/Users/pedronauck/dev/qa-labs/compozy-qa-rt-current-source-20260730-20260730-061631-252740-lab/qa-artifacts/qa;/Users/pedronauck/dev/qa-labs/compozy-root-fixes-retest-20260730-072350-328928-lab/qa-artifacts/qa/evidence/root-fixes/public-replay.md,BUG-0020;BUG-20260730-resultless-tool-call-running,CH-background-session-switch;CH-014,pending,,Not executed in this round.
RT-046,blocked-verify,standard_local_execution_candidate,no_separate_external_prerequisite_identified,Session opens in one loading phase,docs/qa/scenarios/RT-046.md,Document-based feasibility estimate; not an executed verdict; Codex Luna xhigh ACP canary still required,J-12,Nia,"First message paints after a single loading phase (<=2 round trips on a warm daemon); a deep link resolves once and redirects to the canonical route with no double spinner; an unknown id shows a clear not-found state, never an infinite spinner.",docs/qa/reports/2026-07-28-untested-full.md,docs/qa/reports/2026-07-08-session-improvements.md;/Users/pedronauck/dev/qa-labs/compozy-qa-rt-current-source-20260730-20260730-061631-252740-lab/qa-artifacts/qa,,CH-015,pending,,Not executed in this round.
RT-048,blocked-verify,standard_local_execution_candidate,no_separate_external_prerequisite_identified,Inline tool work grouping,docs/qa/scenarios/RT-048.md,Document-based feasibility estimate; not an executed verdict; Codex Luna xhigh ACP canary still required,J-14,Rafa,"Session thread groups consecutive tool calls within a turn, shows only the latest settled tool row by default, exposes previous calls through an inline toggle, and expanded rows preserve Bash/Edit/MCP outputs.",docs/qa/reports/2026-07-28-untested-full.md,docs/qa/reports/2026-07-08-session-improvements.md;/Users/pedronauck/dev/qa-labs/compozy-qa-rt-current-source-20260730-20260730-061631-252740-lab/qa-artifacts/qa,,CH-017;CH-020,pending,,Not executed in this round.
RT-051,blocked-verify,standard_local_execution_candidate,no_separate_external_prerequisite_identified,List/detail lifecycle convergence,docs/qa/scenarios/RT-051.md,Document-based feasibility estimate; not an executed verdict; Codex Luna xhigh ACP canary still required,J-15,Ada,List detail status and inspect agree on session lifecycle state through spawn active stopping stopped and daemon restart.,docs/qa/reports/2026-07-28-untested-full.md,docs/qa/reports/2026-07-08-session-improvements.md;/Users/pedronauck/dev/qa-labs/compozy-qa-rt-current-source-20260730-20260730-061631-252740-lab/qa-artifacts/qa,,CH-018,pending,,Not executed in this round.
RT-052,blocked-verify,standard_local_execution_candidate,no_separate_external_prerequisite_identified,Inspector Usage tab shows real token/cost data,docs/qa/scenarios/RT-052.md,Document-based feasibility estimate; not an executed verdict; Codex Luna xhigh ACP canary still required,J-14,Rafa,"The inspector Usage tab renders real aggregated token usage from the daemon (`GET /api/workspaces/:workspace_id/sessions/:session_id/usage`, HTTP+UDS): tokens in, tokens out, total tokens, and total cost (currency-aware — USD renders as $, other ISO codes render as ""<amount> <CODE>"") as a metric grid, with an ""Across N turns"" caption when the aggregate spans turns. A session that reported no usage shows a truthful reachable empty state (""No usage yet""), never a permanently-empty metric surface. The previously always-empty tab and the fabricated per-turn rate/delta metrics no longer exist.",docs/qa/reports/2026-07-28-untested-full.md,docs/qa/reports/2026-07-08-session-improvements.md;/Users/pedronauck/dev/qa-labs/compozy-qa-rt-current-source-20260730-20260730-061631-252740-lab/qa-artifacts/qa,,CH-021,pending,,Not executed in this round.
RT-053,blocked-verify,standard_local_execution_candidate,no_separate_external_prerequisite_identified,Persistent message toolbar (copy + timestamp),docs/qa/scenarios/RT-053.md,Document-based feasibility estimate; not an executed verdict; Codex Luna xhigh ACP canary still required,J-14,Rafa,"Every user or assistant message with copyable text keeps only a copy affordance (whole markdown source) plus the turn timestamp visible and keyboard reachable without hover, with no Goal action; a streaming turn copies the text settled so far, while pure tool-work turns with no text answer have no dead copy button. Copy flips to a check on success and reports failures explicitly.",docs/qa/reports/2026-08-24-eng-145-session-copy.md,docs/qa/reports/2026-07-08-session-improvements.md;/Users/pedronauck/dev/qa-labs/compozy-durable-acp-sessions-20260804-164200-701355-lab/qa-artifacts/qa/evidence/message-actions.txt;docs/qa/reports/2026-08-24-eng-145-session-copy.md,,CH-017;CH-message-actions-copy-timestamp,pending,,Not executed in this round.
RT-055,blocked-verify,standard_local_execution_candidate,no_separate_external_prerequisite_identified,Flattened grouped reasoning (thought process),docs/qa/scenarios/RT-055.md,Document-based feasibility estimate; not an executed verdict; Codex Luna xhigh ACP canary still required,J-14,Rafa,"Session thread renders agent reasoning as a muted collapsible row (Brain glyph + italic Thinking/Thought process label) on the tool-row rail — no bordered box and no double indent; consecutive reasoning updates group into one row with an N updates count; content renders as markdown (lists, inline code, fenced code) inside an indented left-rule region; the row auto-opens while streaming with a typing-dots live indicator and auto-collapses once settled unless the operator toggles it.",docs/qa/reports/2026-07-28-untested-full.md,docs/qa/reports/2026-07-08-session-improvements.md;/Users/pedronauck/dev/qa-labs/compozy-qa-rt-current-source-20260730-20260730-061631-252740-lab/qa-artifacts/qa,,CH-017,pending,,Not executed in this round.
RT-056,blocked-verify,standard_local_execution_candidate,no_separate_external_prerequisite_identified,Per-tool icons + visible tense-aware verbs,docs/qa/scenarios/RT-056.md,Document-based feasibility estimate; not an executed verdict; Codex Luna xhigh ACP canary still required,J-14,Rafa,"Each session tool row shows a per-tool icon and a visible tense-aware verb + target instead of the raw tool name plus a terminal icon for every tool: terminal (Bash), file-text (Read), file-pen (Write/Edit), magnifier (Grep), folder-search (Glob), globe (WebSearch/WebFetch), a Compozy-native family glyph (compozy__memory_* → Brain, compozy__network_* → Radio, compozy__edit → file-pen), the MCP connector glyph (mcp__* → Plug), and a generic tool fallback for unknown ids. The verb reads active while running (Reading… / Running…), past when settled (Read file / Ran command), and failure form on error (Failed to read file).",docs/qa/reports/2026-07-28-untested-full.md,docs/qa/reports/2026-07-08-session-improvements.md;/Users/pedronauck/dev/qa-labs/compozy-qa-rt-current-source-20260730-20260730-061631-252740-lab/qa-artifacts/qa,,CH-017,pending,,Not executed in this round.
RT-058,blocked-verify,standard_local_execution_candidate,no_separate_external_prerequisite_identified,Live-follow scroll modes + scroll-to-bottom pill,docs/qa/scenarios/RT-058.md,Document-based feasibility estimate; not an executed verdict; Codex Luna xhigh ACP canary still required,J-13,Théo,"The thread has explicit follow, reader-controlled, and resume-follow modes; wheel/touch/pointer input reveals an accessible scroll-to-bottom control, sending anchors the user message, disclosures preserve reading position, and loading older history preserves the first visible message ID and offset even while SSE appends at the bottom; reconnect never remounts or jumps the thread.",docs/qa/reports/2026-07-28-untested-full.md,docs/qa/reports/2026-07-08-session-improvements.md;/Users/pedronauck/dev/qa-labs/compozy-qa-rt-current-source-20260730-20260730-061631-252740-lab/qa-artifacts/qa,,CH-016;CH-020,pending,,Not executed in this round.
RT-059,blocked-verify,standard_local_execution_candidate,no_separate_external_prerequisite_identified,Composer contrast + running semantics + Clear relocation + queued-prompt rows,docs/qa/scenarios/RT-059.md,Document-based feasibility estimate; not an executed verdict; Codex Luna xhigh ACP canary still required,J-13,Théo,"The raised session composer keeps the runtime selector accessible without a visible ""Next prompt"" label and persists its provider/model/reasoning/speed as the session default, while each submitted or queued draft keeps its immutable runtime snapshot. While a turn runs, Enter queues that draft, the primary swaps Send for Stop, and Queue/Steer/Interrupt remain available when their active-turn fence exists. Daemon-backed queued rows retain their prompt preview and runtime snapshot through refresh, edit, promote, and cancel; Clear conversation remains the topbar Eraser action.",docs/qa/reports/2026-08-03-session-input-coderabbit.md,docs/qa/evidence/2026-08-03-session-input-coderabbit/01-working-queued-calm.png; /Users/pedronauck/dev/qa-labs/compozy-session-input-coderabbit-20260804-003939-559639-lab/qa-artifacts/qa/journey-log.jsonl,,CH-016;CH-prompt-bound-runtime-transition;CH-020,pending,,Not executed in this round.
RT-069,blocked-verify,standard_local_execution_candidate,no_separate_external_prerequisite_identified,Agent-create runtime step gains reasoning,docs/qa/scenarios/RT-069.md,Document-based feasibility estimate; not an executed verdict; Codex Luna xhigh ACP canary still required,J-31,Bruno,"The agent-create RuntimeStep uses the unified selector, threads reasoning_effort into buildCreateAgentParams only when authored, clears model/reasoning on provider change, and exposes “Use project defaults” to clear provider/model/reasoning together.",docs/qa/reports/2026-07-28-untested-full.md,/Users/pedronauck/dev/qa-labs/compozy-model-selector-20260710-194713-914643-lab/qa-artifacts/qa/model-selector-evidence.md;docs/qa/reports/2026-07-10-model-selector.md;/Users/pedronauck/dev/qa-labs/compozy-agent-details-task-09-20260711-190957-738761-lab/qa-artifacts/qa/agent-details-evidence.md;/Users/pedronauck/dev/qa-labs/compozy-qa-rt-current-source-20260730-20260730-061631-252740-lab/qa-artifacts/qa,,CH-029;CH-untested-valid-014-31-bruno;CH-051,pending,,Not executed in this round.
RT-073,blocked-decision,separate_prerequisite_or_review,contract_or_decision_reconciliation,Complete one-kickoff autonomous collaboration,docs/qa/scenarios/RT-073.md,Document-based feasibility estimate; not an executed verdict; Codex Luna xhigh ACP canary still required,J-one-kickoff-collaboration,Bruno,"After one in-persona kickoff, registered agents start all seeded owned Tasks, exchange the required peer messages, complete reviews and disruption recovery, and produce every declared artifact without another operator prompt.",docs/qa/reports/2026-08-18-graph-eng.md,/home/pedronauck/dev/qa-labs/compozy-northstar-pay-20260711-153916-425791-lab/qa-artifacts/qa/qa-audit-report.json; /home/pedronauck/dev/qa-labs/compozy-northstar-pay-20260711-153916-425791-lab/qa-artifacts/qa/notes/bug-0028-autonomy-stall.json; /home/pedronauck/dev/qa-labs/compozy-northstar-pay-20260711-153916-425791-lab/qa-artifacts/qa/provider-attempt.json; /home/pedronauck/dev/qa-labs/compozy-northstar-pay-20260711-153916-425791-lab/qa-artifacts/qa/journey-log.jsonl; /home/pedronauck/dev/qa-labs/compozy-hermes-bridge-task-10-20260713-022226-583543-lab/qa-artifacts/qa/qa-audit-report.json; /home/pedronauck/dev/qa-labs/compozy-hermes-bridge-task-10-20260713-022226-583543-lab/qa-artifacts/qa/notes/bug-0028-retest.json; /home/pedronauck/dev/qa-labs/compozy-hermes-bridge-task-10-20260713-022226-583543-lab/qa-artifacts/qa/provider-attempt.json; /home/pedronauck/dev/qa-labs/compozy-hermes-bridge-task-10-20260713-022226-583543-lab/qa-artifacts/qa/journey-log.jsonl; /Users/pedronauck/dev/qa-labs/compozy-hermes-comparison-consumer-saas-growth-20260719-190252-199062-lab/qa-artifacts/qa/observation-summary.json; /Users/pedronauck/dev/qa-labs/compozy-hermes-comparison-consumer-saas-growth-20260719-190252-199062-lab/qa-artifacts/qa/notes/autonomous-progress-observer-mismatch.md; /Users/pedronauck/dev/qa-labs/compozy-northstar-pay-20260729-124649-419333-lab/qa-artifacts/qa/observation-summary.json; /Users/pedronauck/dev/qa-labs/compozy-northstar-pay-20260729-124649-419333-lab/qa-artifacts/qa/task-terminal-statuses.json; /Users/pedronauck/dev/qa-labs/compozy-northstar-pay-20260729-124649-419333-lab/qa-artifacts/qa/notes/playbook-collaboration-observations.md; /Users/pedronauck/dev/qa-labs/compozy-northstar-pay-20260729-124649-419333-lab/qa-artifacts/qa/qa-audit-report.json; /Users/pedronauck/dev/qa-labs/compozy-devtool-oss-launch-20260802-195112-911343-lab/qa-artifacts/qa; /home/pedronauck/dev/qa-labs/compozy-devtool-oss-launch-20260803-004228-669172-lab/qa-artifacts/qa/qa-audit-report.json; /home/pedronauck/dev/qa-labs/compozy-devtool-oss-launch-20260803-004228-669172-lab/qa-artifacts/qa/final-runtime-snapshot.json; /home/pedronauck/dev/qa-labs/compozy-devtool-oss-launch-20260803-004228-669172-lab/qa-artifacts/qa/observation-summary.json; /home/pedronauck/dev/qa-labs/compozy-devtool-oss-launch-20260803-004228-669172-lab/qa-artifacts/qa/journey-log.jsonl,BUG-0028; BUG-20260715-scheduler-resume-starvation; BUG-20260715-serial-pool-starves-backlog; BUG-20260719-autonomous-progress-unobservable; BUG-20260729-agent-knowledge-refresh-missed,CH-helix-one-kickoff-bruno,pending,,Not executed in this round.
RT-074,blocked-verify,standard_local_execution_candidate,no_separate_external_prerequisite_identified,Agent fleet scan and truthful states,docs/qa/scenarios/RT-074.md,Document-based feasibility estimate; not an executed verdict; Codex Luna xhigh ACP canary still required,J-30,Bruno,"The Agents page scans workspace-visible definitions with server-owned URL-backed search/category/status filters, cursor pagination, Rows/Cards views, and truthful loading, empty, no-results, partial-session, and fatal-error states.",docs/qa/reports/2026-07-28-untested-full.md,/Users/pedronauck/dev/qa-labs/compozy-agent-details-task-09-20260711-190957-738761-lab/qa-artifacts/qa/agent-details-evidence.md;/Users/pedronauck/dev/qa-labs/compozy-qa-rt-current-source-20260730-20260730-061631-252740-lab/qa-artifacts/qa,,CH-untested-valid-013-30-bruno;CH-049,pending,,Not executed in this round.
RT-075,blocked-verify,standard_local_execution_candidate,no_separate_external_prerequisite_identified,Agents primary navigation and live count,docs/qa/scenarios/RT-075.md,Document-based feasibility estimate; not an executed verdict; Codex Luna xhigh ACP canary still required,J-30,Bruno,Agents is the first Operate destination and shows the exact workspace catalog live/total badge without rendering the removed sidebar category tree or create shortcut.,docs/qa/reports/2026-07-28-untested-full.md,/Users/pedronauck/dev/qa-labs/compozy-agent-details-task-09-20260711-190957-738761-lab/qa-artifacts/qa/agent-details-evidence.md;/Users/pedronauck/dev/qa-labs/compozy-qa-rt-current-source-20260730-20260730-061631-252740-lab/qa-artifacts/qa,,CH-untested-valid-013-30-bruno;CH-049,pending,,Not executed in this round.
RT-078,blocked-verify,standard_local_execution_candidate,no_separate_external_prerequisite_identified,Agent settings whole-definition CAS and guard,docs/qa/scenarios/RT-078.md,Document-based feasibility estimate; not an executed verdict; Codex Luna xhigh ACP canary still required,J-31,Bruno,"The settings modal keeps one whole-definition draft, persistent footer Save/Cancel, section navigation without an accent rail, legacy-permission blocking, unsaved-navigation guard (including Escape/close/Back), permission-denied read-only state, and reload-and-retry conflict recovery.",docs/qa/reports/2026-07-28-untested-full.md,/Users/pedronauck/dev/qa-labs/compozy-agent-details-task-09-20260711-190957-738761-lab/qa-artifacts/qa/agent-details-evidence.md;/Users/pedronauck/dev/qa-labs/compozy-qa-rt-current-source-20260730-20260730-061631-252740-lab/qa-artifacts/qa,BUG-0036,CH-untested-valid-014-31-bruno;CH-051,pending,,Not executed in this round.
RT-080,blocked-verify,standard_local_execution_candidate,no_separate_external_prerequisite_identified,Durable agent delete and un-shadow,docs/qa/scenarios/RT-080.md,Document-based feasibility estimate; not an executed verdict; Codex Luna xhigh ACP canary still required,J-32,Ada,Typed-confirm web delete and CLI --yes remove the effective authored directory while preserving session history; deleting a workspace winner reports and reveals a same-name global definition.,docs/qa/reports/2026-07-28-untested-full.md,/Users/pedronauck/dev/qa-labs/compozy-agent-details-task-09-20260711-190957-738761-lab/qa-artifacts/qa/agent-details-evidence.md;/Users/pedronauck/dev/qa-labs/compozy-qa-rt-current-source-20260730-20260730-061631-252740-lab/qa-artifacts/qa,BUG-0035,CH-untested-valid-015-32-ada;CH-051,pending,,Not executed in this round.
RT-083,blocked-verify,standard_local_execution_candidate,no_separate_external_prerequisite_identified,Workspace agent fleet catalog,docs/qa/scenarios/RT-083.md,Document-based feasibility estimate; not an executed verdict; Codex Luna xhigh ACP canary still required,J-30,Ada,"GET /api/agents/catalog requires a workspace, applies q/category/status before cursor pagination, returns exact fleet facets and per-agent visible-session totals, and degrades with sessions_available=false without inventing status.",docs/qa/reports/2026-07-28-untested-full.md,/Users/pedronauck/dev/qa-labs/compozy-qa-rt-current-source-20260730-20260730-061631-252740-lab/qa-artifacts/qa,,CH-untested-036-30-ada,pending,,Not executed in this round.
RT-agent-detail-runtime-live-edit,blocked-verify,standard_local_execution_candidate,no_separate_external_prerequisite_identified,Agent detail live runtime selector mutation,docs/qa/scenarios/RT-agent-detail-runtime-live-edit.md,Document-based feasibility estimate; not an executed verdict; Codex Luna xhigh ACP canary still required,J-31,Bruno,"The agent detail Overview Runtime card and settings runtime selectors render workspace-scoped effective provider·model·reasoning with inherited provenance while authored fields stay blank; an explicit selection submits a version-aware agent override, “Use project defaults” clears every authored runtime axis, and conflicts keep server truth recoverable.",docs/qa/reports/2026-07-28-untested-full.md,/Users/pedronauck/dev/qa-labs/compozy-qa-rt-current-source-20260730-20260730-061631-252740-lab/qa-artifacts/qa,,CH-untested-037-31-bruno,pending,,Not executed in this round.
RT-compozy-global-database,blocked-verify,conditional_local_preparation,prepared_database_family,Create the Compozy global database without changing session storage,docs/qa/scenarios/RT-compozy-global-database.md,Document-based feasibility estimate; not an executed verdict; Codex Luna xhigh ACP canary still required,J-validate-compozy-hard-cut,Bruno,"A fresh daemon creates compozy.db in the resolved home, keeps each session database named events.db, reports the global path consistently, and never creates or opens the retired global database.",docs/qa/reports/2026-07-28-untested-full.md,/Users/pedronauck/dev/qa-labs/compozy-compozy-migration-beta-20260727-135201-116083-lab/qa-artifacts/qa/bootstrap-manifest.json; /Users/pedronauck/dev/qa-labs/compozy-compozy-migration-beta-20260727-135201-116083-lab/qa-artifacts/qa/api-status.json; /Users/pedronauck/dev/qa-labs/compozy-compozy-migration-beta-20260727-135201-116083-lab/qa-artifacts/qa/gate-test-integration-rerun.log;/Users/pedronauck/dev/qa-labs/compozy-qa-rt-current-source-20260730-20260730-061631-252740-lab/qa-artifacts/qa,,CH-compozy-platform-hard-cut;CH-untested-valid-027-validate-compozy-hard-cut-bruno,pending,,Not executed in this round.
RT-connectivity-provider-route,blocked-verify,separate_prerequisite_or_review,authorized_gateway,Verify and supervise a connectivity provider route,docs/qa/scenarios/RT-connectivity-provider-route.md,Document-based feasibility estimate; not an executed verdict; Codex Luna xhigh ACP canary still required,J-expose-and-pair-gateway,Dora,"Enabling a selected provider establishes the assigned tier, publishes only an endpoint that echoes that tier's challenge under the verification policy, and on wrong-tier, unstable public endpoint, verification failure, outage, crash, or teardown leaves status degraded with no half-exposed route.",docs/qa/reports/2026-08-07-remote-gateway.md,/Users/pedronauck/dev/qa-labs/compozy-remote-gateway-20260807-202655-957508-lab/qa-artifacts/qa/test-cases/12-private-provider-degraded-status.json;/Users/pedronauck/dev/qa-labs/compozy-remote-gateway-20260807-202655-957508-lab/qa-artifacts/qa/test-cases/33-provider-restart-rewalk.json,BUG-20260807-gateway-provider-cause;BUG-20260807-gateway-provider-boot,CH-gateway-provider-degradation;CH-gateway-audit-teardown,pending,,Not executed in this round.
RT-daemon-drain-admission,blocked-verify,standard_local_execution_candidate,no_separate_external_prerequisite_identified,Drain new-work admission without interrupting admitted work,docs/qa/scenarios/RT-daemon-drain-admission.md,Document-based feasibility estimate; not an executed verdict; Codex Luna xhigh ACP canary still required,J-drain-daemon-safely,Dora,"Draining the daemon through CLI, HTTP, or UDS returns the same stable draining state, projects informational status and doctor evidence, refuses new session, prompt, enqueue, and claim work with HTTP 503, lets admitted prompts and claimed runs finish, and restores admission after undrain or restart.",docs/qa/reports/2026-07-28-untested-full.md,/Users/pedronauck/dev/qa-labs/compozy-qa-rt-current-source-20260730-20260730-061631-252740-lab/qa-artifacts/qa,,CH-drain-without-loss,pending,,Not executed in this round.
RT-gateway-browser-stream-reconnect,blocked-verify,separate_prerequisite_or_review,authorized_gateway,Reconnect remote browser streams with fresh tickets,docs/qa/scenarios/RT-gateway-browser-stream-reconnect.md,Document-based feasibility estimate; not an executed verdict; Codex Luna xhigh ACP canary still required,J-expose-and-pair-gateway,Iris,"Every remote SSE and WebSocket connection or reconnect mints and consumes a fresh single-use ticket, ordinary network or server failures remain recoverable, and device revocation alone produces the terminal access-ended state with no cached data.",docs/qa/reports/2026-08-07-remote-gateway.md,/Users/pedronauck/dev/qa-labs/compozy-remote-gateway-20260807-202655-957508-lab/qa-artifacts/qa/screenshots/08-revoked-browser-device.png,,CH-gateway-remote-cli-interruption;CH-gateway-live-revocation;CH-gateway-audit-teardown,pending,,Not executed in this round.
RT-gateway-no-device-recovery,blocked-verify,separate_prerequisite_or_review,authorized_gateway,Recover after every paired device is unavailable,docs/qa/scenarios/RT-gateway-no-device-recovery.md,Document-based feasibility estimate; not an executed verdict; Codex Luna xhigh ACP canary still required,J-expose-and-pair-gateway,Iris,"When the last device is revoked, expired, or lost, remote views reveal no product data and the daemon host can mint a fresh QR plus copyable pairing artifact that restores access without reviving any old credential.",docs/qa/reports/2026-08-07-remote-gateway.md,/Users/pedronauck/dev/qa-labs/compozy-remote-gateway-20260807-202655-957508-lab/qa-artifacts/qa/test-cases/23-no-active-devices.json;/Users/pedronauck/dev/qa-labs/compozy-remote-gateway-20260807-202655-957508-lab/qa-artifacts/qa/test-cases/24-replacement-device.json,,CH-gateway-no-device-recovery;CH-gateway-remote-cli-interruption,pending,,Not executed in this round.
RT-gateway-offline-delivery-redelivery,blocked-verify,separate_prerequisite_or_review,authorized_gateway,Recover an offline public delivery through sender redelivery,docs/qa/scenarios/RT-gateway-offline-delivery-redelivery.md,Document-based feasibility estimate; not an executed verdict; Codex Luna xhigh ACP canary still required,J-deliver-through-public-gateway,Bruno,"A delivery attempted while the daemon is offline fails visibly at the sender and creates no hidden Compozy work; after ingress is healthy, one sender-side redelivery creates exactly one attributed Loop run or bridge effect.",docs/qa/reports/2026-08-07-remote-gateway.md,/Users/pedronauck/dev/qa-labs/compozy-remote-gateway-20260807-202655-957508-lab/qa-artifacts/qa/test-cases/34-signed-webhook-local-pipeline.json;/Users/pedronauck/dev/qa-labs/compozy-remote-gateway-20260807-202655-957508-lab/qa-artifacts/qa/test-cases/40-webhook-boundaries-and-projection.json,,CH-gateway-mid-delivery-exposure,pending,,Not executed in this round.
RT-gateway-operator-surface-truth,blocked-verify,separate_prerequisite_or_review,authorized_gateway,Read truthful gateway posture from the operator surface,docs/qa/scenarios/RT-gateway-operator-surface-truth.md,Document-based feasibility estimate; not an executed verdict; Codex Luna xhigh ACP canary still required,J-expose-and-pair-gateway,Iris,"Gateway settings and structured status agree on named exposure modes, desired and observed state, verified addresses, provider health and cause, refusals, and local-only recovery without presenting an unsupported control or plausible dead URL.",docs/qa/reports/2026-08-07-remote-gateway.md,/Users/pedronauck/dev/qa-labs/compozy-remote-gateway-20260807-202655-957508-lab/qa-artifacts/qa/screenshots/05-provider-degraded-no-address.png;/Users/pedronauck/dev/qa-labs/compozy-remote-gateway-20260807-202655-957508-lab/qa-artifacts/qa/screenshots/14-audit-no-findings.png,BUG-20260807-gateway-live-config-copy;BUG-20260807-gateway-provider-cause;BUG-20260807-gateway-provider-boot,CH-gateway-provider-degradation,pending,,Not executed in this round.
RT-gateway-paired-device,blocked-verify,separate_prerequisite_or_review,authorized_gateway,"Pair, manage, and revoke a remote device",docs/qa/scenarios/RT-gateway-paired-device.md,Document-based feasibility estimate; not an executed verdict; Codex Luna xhigh ACP canary still required,J-expose-and-pair-gateway,Iris,"A one-time local pairing shown as both QR and copyable text admits exactly one named device, device state agrees across web, HTTP, UDS, and CLI, and revocation closes live work before rejecting the credential.",docs/qa/reports/2026-08-07-remote-gateway.md,/Users/pedronauck/dev/qa-labs/compozy-remote-gateway-20260807-202655-957508-lab/qa-artifacts/qa/screenshots/06-paired-devices.png;/Users/pedronauck/dev/qa-labs/compozy-remote-gateway-20260807-202655-957508-lab/qa-artifacts/qa/screenshots/08-revoked-browser-device.png;/Users/pedronauck/dev/qa-labs/compozy-remote-gateway-20260807-202655-957508-lab/qa-artifacts/qa/test-cases/22-device-rename.json,,CH-gateway-no-device-recovery;CH-gateway-live-revocation,pending,,Not executed in this round.
RT-gateway-public-ui-consent,blocked-verify,separate_prerequisite_or_review,authorized_gateway,Consent to public operator access without weakening pairing,docs/qa/scenarios/RT-gateway-public-ui-consent.md,Document-based feasibility estimate; not an executed verdict; Codex Luna xhigh ACP canary still required,J-expose-and-pair-gateway,Iris,"Every public operator-UI enable requires fresh concrete consent, cancel leaves it off, only an already-paired device can enter, public pairing remains absent, and revocation replaces the open view with access-ended and no residual data.",docs/qa/reports/2026-08-07-remote-gateway.md,/Users/pedronauck/dev/qa-labs/compozy-remote-gateway-20260807-202655-957508-lab/qa-artifacts/qa/screenshots/12-public-consent-dialog.png;/Users/pedronauck/dev/qa-labs/compozy-remote-gateway-20260807-202655-957508-lab/qa-artifacts/qa/screenshots/13-public-provider-refusal.png;/Users/pedronauck/dev/qa-labs/compozy-remote-gateway-20260807-202655-957508-lab/qa-artifacts/qa/test-cases/36-public-operator-consent.json,,CH-gateway-no-device-recovery;CH-gateway-live-revocation,pending,,Not executed in this round.
RT-gateway-remote-cli-profile,blocked-verify,separate_prerequisite_or_review,authorized_gateway,Operate and repair a paired remote CLI profile,docs/qa/scenarios/RT-gateway-remote-cli-profile.md,Document-based feasibility estimate; not an executed verdict; Codex Luna xhigh ACP canary still required,J-operate-remote-gateway-cli,Iris,"Pairing or passphrase-protected identity transfer creates one secret-safe HTTPS profile whose selected target preserves structured output, operation-matrix refusal, reconnects, actionable unreachable-versus-revoked errors, and atomic removal.",docs/qa/reports/2026-08-08-remote-gateway-review-remediation.md,/Users/pedronauck/dev/qa-labs/compozy-remote-gateway-review-remediation-20260808-035328-688540-lab/qa-artifacts/qa/test-cases/42-pairing-artifact-handoff.json,BUG-20260807-gateway-profile-recovery,CH-gateway-remote-cli-interruption,pending,,Not executed in this round.
RT-mcp-dead-recovery,blocked-verify,conditional_local_preparation,controlled_runtime_failure_or_history,Diagnose and automatically recover a dead MCP server,docs/qa/scenarios/RT-mcp-dead-recovery.md,Document-based feasibility estimate; not an executed verdict; Codex Luna xhigh ACP canary still required,J-offer-runnable-capabilities,Dora,"Five confirmed permanent failures mark only the affected workspace MCP server dead; settings, status, doctor, Web, native status, and same-lifetime retained tool descriptors expose a redacted reason; ordinary attempts are suppressed; one due probe succeeds and clears the mark without a daemon restart.",docs/qa/reports/2026-07-28-untested-full.md,/Users/pedronauck/dev/qa-labs/compozy-qa-rt-current-source-20260730-20260730-061631-252740-lab/qa-artifacts/qa,,CH-untested-valid-023-offer-runnable-capabilities-dora;CH-runnable-capabilities-truth,pending,,Not executed in this round.
RT-migrate-memory-stream-when-disabled,blocked-verify,conditional_local_preparation,prepared_database_family,Migrate the shared memory stream while the memory runtime is disabled,docs/qa/scenarios/RT-migrate-memory-stream-when-disabled.md,Document-based feasibility estimate; not an executed verdict; Codex Luna xhigh ACP canary still required,J-operate-daemon-schema,Ada,"With memory.enabled=false on a fresh home, boot reaches readiness, global and memory schema_streams both report their embedded heads, and memory prompt, recall, and native-tool behavior remains disabled.",docs/qa/reports/2026-07-28-untested-full.md,/Users/pedronauck/dev/qa-labs/compozy-qa-rt-current-source-20260730-20260730-061631-252740-lab/qa-artifacts/qa,,CH-untested-066-operate-daemon-schema-ada,pending,,Not executed in this round.
RT-missing-workspace-pruned,blocked-verify,standard_local_execution_candidate,no_separate_external_prerequisite_identified,Prune a workspace whose local folder was removed,docs/qa/scenarios/RT-missing-workspace-pruned.md,Document-based feasibility estimate; not an executed verdict; Codex Luna xhigh ACP canary still required,J-prune-missing-workspace,Bruno,"After a registered local folder is removed, the next reconciliation removes the workspace from Web, CLI, HTTP, and UDS catalogs, removes its stopped session artifacts through the session owner, and recovers old routes without leaving a ghost selection. If Global was on, the chip stays Global (`~`) and the workspace menu lists remaining folders with no deletion notice — it must not fall back to another project folder. If the pruned folder was the remembered project while Global was off, the shell falls back to Global rather than auto-selecting `workspaces[0]`. `$HOME` never appears as a picker row.",docs/qa/reports/2026-08-03-dev-websocket-recovery.md,/Users/pedronauck/dev/qa-labs/compozy-dev-websocket-recovery-20260803-155044-571985-lab/qa-artifacts/qa/screenshots/ch-prune-recovered-after-refresh.png; /Users/pedronauck/dev/qa-labs/compozy-dev-websocket-recovery-20260803-155044-571985-lab/qa-artifacts/qa/logs/missing-workspace-websocket.log; /Users/pedronauck/dev/qa-labs/compozy-dev-websocket-recovery-20260803-155044-571985-lab/qa-artifacts/qa/logs/workspace-list-cli.json,BUG-20260713-missing-workspace-persists,CH-prune-missing-workspace,pending,,Not executed in this round.
RT-openclaw-provider-managed-runtime,blocked-verify,separate_prerequisite_or_review,specific_provider_or_failure,Run OpenClaw without fabricated model controls,docs/qa/scenarios/RT-openclaw-provider-managed-runtime.md,Document-based feasibility estimate; not an executed verdict; Codex Luna xhigh ACP canary still required,J-17,Théo,"Public provider projections mark OpenClaw as provider_managed; the Runtime Selector shows Provider managed and disables model, Reasoning, Fast, and ACP-option controls, a session can bind with no model negotiation, and explicit unsupported overrides fail instead of being ignored.",docs/qa/reports/2026-08-27-acp-runtime-catalog.md,/Users/pedronauck/dev/qa-labs/compozy-acp-runtime-catalog-20260828-004625-083662-lab/qa-artifacts/qa/evidence/providers-http.json; docs/qa/reports/2026-08-27-acp-runtime-catalog.md,,CH-provider-runtime-strategies,pending,,Not executed in this round.
RT-preserve-corrupt-database-family,blocked-verify,conditional_local_preparation,prepared_database_family,Preserve a corrupt database family,docs/qa/scenarios/RT-preserve-corrupt-database-family.md,Document-based feasibility estimate; not an executed verdict; Codex Luna xhigh ACP canary still required,J-operate-daemon-schema,Bruno,"Startup or a session read refuses the corrupt database with its path while the database, WAL, and SHM bytes remain identical and no quarantine or replacement file appears.",docs/qa/reports/2026-07-28-untested-full.md,/Users/pedronauck/dev/qa-labs/compozy-qa-rt-current-source-20260730-20260730-061631-252740-lab/qa-artifacts/qa,,CH-untested-067-operate-daemon-schema-bruno,pending,,Not executed in this round.
RT-pressure-context-compaction,blocked-verify,conditional_local_preparation,controlled_runtime_failure_or_history,Compact completed context without losing session evidence,docs/qa/scenarios/RT-pressure-context-compaction.md,Document-based feasibility estimate; not an executed verdict; Codex Luna xhigh ACP canary still required,J-11,Théo,"At configured context pressure, Compozy summarizes only complete prior turns into the workspace checkpoint before archiving their event rows from degraded replay. History retains the archived rows, repeated coverage is idempotent, failed summary or archive work preserves replayable events, and a successful provider load remains unchanged.",docs/qa/reports/2026-07-28-untested-full.md,/Users/pedronauck/dev/qa-labs/compozy-qa-rt-current-source-20260730-20260730-061631-252740-lab/qa-artifacts/qa,,CH-crash-resume-compaction,pending,,Not executed in this round.
RT-refuse-ahead-database,blocked-verify,conditional_local_preparation,prepared_database_family,Refuse a database ahead of the binary,docs/qa/scenarios/RT-refuse-ahead-database.md,Document-based feasibility estimate; not an executed verdict; Codex Luna xhigh ACP canary still required,J-operate-daemon-schema,Bruno,"Startup stops before normal work, while remaining local CLI opens return exactly one parseable JSON error document with diagnostic.code schema_ahead, the surface, canonical path, and newer-binary-or-complete-family remediation; MCP auth reaches the daemon instead of opening the database locally.",docs/qa/reports/2026-07-28-untested-full.md,/Users/pedronauck/dev/qa-labs/compozy-qa-rt-current-source-20260730-20260730-061631-252740-lab/qa-artifacts/qa,,CH-database-refusal-recovery,pending,,Not executed in this round.
RT-refuse-cross-stream-legacy-marker,blocked-verify,conditional_local_preparation,prepared_database_family,Refuse either legacy marker in the shared database,docs/qa/scenarios/RT-refuse-cross-stream-legacy-marker.md,Document-based feasibility estimate; not an executed verdict; Codex Luna xhigh ACP canary still required,J-operate-daemon-schema,Bruno,"Every global or memory opener refuses the shared compozy.db before mutation when either legacy migration marker exists, regardless of which stream owns the marker.",docs/qa/reports/2026-07-28-untested-full.md,/Users/pedronauck/dev/qa-labs/compozy-qa-rt-current-source-20260730-20260730-061631-252740-lab/qa-artifacts/qa,,CH-untested-067-operate-daemon-schema-bruno,pending,,Not executed in this round.
RT-refuse-legacy-cli-open,blocked-verify,conditional_local_preparation,prepared_database_family,Refuse legacy databases on remaining local CLI opens,docs/qa/scenarios/RT-refuse-legacy-cli-open.md,Document-based feasibility estimate; not an executed verdict; Codex Luna xhigh ACP canary still required,J-operate-daemon-schema,Ada,"Local extension and provider-auth database opens return exactly one parseable JSON error document with diagnostic.code legacy_database, the surface, canonical path, and whole-family preservation and missing-upgrade guidance; MCP auth uses the daemon and does not open the database from the CLI process.",docs/qa/reports/2026-07-28-untested-full.md,/Users/pedronauck/dev/qa-labs/compozy-qa-rt-current-source-20260730-20260730-061631-252740-lab/qa-artifacts/qa,,CH-database-refusal-recovery;CH-untested-valid-024-operate-daemon-schema-ada,pending,,Not executed in this round.
RT-refuse-legacy-database,blocked-verify,conditional_local_preparation,prepared_database_family,Refuse a pre-Goose database without mutation,docs/qa/scenarios/RT-refuse-legacy-database.md,Document-based feasibility estimate; not an executed verdict; Codex Luna xhigh ACP canary still required,J-operate-daemon-schema,Bruno,"Startup stops before readiness, preserves the database byte-for-byte, and names the path with guidance to preserve the complete containing COMPOZY_HOME or workspace .compozy family and obtain a lossless upgrade path; a fresh home is not a migration.",docs/qa/reports/2026-07-28-untested-full.md,/Users/pedronauck/dev/qa-labs/compozy-qa-rt-current-source-20260730-20260730-061631-252740-lab/qa-artifacts/qa,,CH-database-refusal-recovery,pending,,Not executed in this round.
RT-refuse-legacy-session-database,blocked-verify,conditional_local_preparation,prepared_database_family,Refuse incompatible session event databases on reads,docs/qa/scenarios/RT-refuse-legacy-session-database.md,Document-based feasibility estimate; not an executed verdict; Codex Luna xhigh ACP canary still required,J-operate-daemon-schema,Bruno,"Session event, transcript, watch, and ledger reads refuse legacy or ahead events.db files before querying or changing the database.",docs/qa/reports/2026-07-28-untested-full.md,/Users/pedronauck/dev/qa-labs/compozy-qa-rt-current-source-20260730-20260730-061631-252740-lab/qa-artifacts/qa,,CH-untested-067-operate-daemon-schema-bruno,pending,,Not executed in this round.
RT-secret-redaction-boundary,blocked-verify,conditional_local_preparation,controlled_runtime_failure_or_history,Redact planted secrets before storage and streaming,docs/qa/scenarios/RT-secret-redaction-boundary.md,Document-based feasibility estimate; not an executed verdict; Codex Luna xhigh ACP canary still required,J-keep-secrets-contained,Dora,"With redaction heuristics enabled at daemon boot, a planted provider-shaped secret appears only as the canonical redaction marker in runtime logs, SSE, session history, the global event ledger, and the session events database. Correlation IDs and hashes remain intact. Disabling the heuristic and restarting leaves exact claim-token, secret-reference, and registered-secret protections active.",docs/qa/reports/2026-07-28-untested-full.md,/Users/pedronauck/dev/qa-labs/compozy-qa-rt-current-source-20260730-20260730-061631-252740-lab/qa-artifacts/qa,,CH-gateway-audit-teardown;CH-secret-redaction-sweep,pending,,Not executed in this round.
RT-session-context-rebuild,blocked-verify,conditional_local_preparation,controlled_runtime_failure_or_history,Rebuild provider context from one session's persisted transcript,docs/qa/scenarios/RT-session-context-rebuild.md,Document-based feasibility estimate; not an executed verdict; Codex Luna xhigh ACP canary still required,J-11,Théo,"When ACP session loading is unsupported or the saved provider session is missing, Compozy starts a fresh provider session, prepends the workspace checkpoint followed by only that Compozy session's pruned persisted transcript to the first accepted prompt, preserves the authored message, and exposes one durable `Context rebuilt from log.` marker. A successful ACP load performs no replay and adds no recovery marker.",docs/qa/reports/2026-07-28-untested-full.md,/Users/pedronauck/dev/qa-labs/compozy-qa-rt-current-source-20260730-20260730-061631-252740-lab/qa-artifacts/qa,,CH-crash-resume-compaction,pending,,Not executed in this round.
RT-session-cost-provenance,blocked-verify,standard_local_execution_candidate,no_separate_external_prerequisite_identified,Session usage reports truthful cost provenance,docs/qa/scenarios/RT-session-cost-provenance.md,Document-based feasibility estimate; not an executed verdict; Codex Luna xhigh ACP canary still required,J-14,Rafa,"The session Usage surface and structured usage response agree on actual provider cost, exact five-bucket model-catalog estimates, native-subscription inclusion, or unknown cost; every nonzero bucket requires its own rate, included and unknown never display a fabricated amount, and every state identifies its source.",docs/qa/reports/2026-07-28-untested-full.md,/Users/pedronauck/dev/qa-labs/compozy-qa-rt-current-source-20260730-20260730-061631-252740-lab/qa-artifacts/qa,,CH-truthful-cost-provenance,pending,,Not executed in this round.
RT-session-cwd-resume,blocked-verify,standard_local_execution_candidate,no_separate_external_prerequisite_identified,Preserve a session working directory across sandbox launch and resume,docs/qa/scenarios/RT-session-cwd-resume.md,Document-based feasibility estimate; not an executed verdict; Codex Luna xhigh ACP canary still required,J-11,Théo,"A session created with a valid working directory below its workspace launches in the corresponding sandbox runtime directory, persists that choice, and resumes in the same directory without escaping the workspace boundary.",docs/qa/reports/2026-07-28-untested-full.md,/Users/pedronauck/dev/qa-labs/compozy-qa-rt-current-source-20260730-20260730-061631-252740-lab/qa-artifacts/qa,,CH-session-affordances-truth,pending,,Not executed in this round.
RT-session-delete-owned-history,blocked-verify,standard_local_execution_candidate,no_separate_external_prerequisite_identified,Delete a stopped session with owned runtime history,docs/qa/scenarios/RT-session-delete-owned-history.md,Document-based feasibility estimate; not an executed verdict; Codex Luna xhigh ACP canary still required,J-11,Bruno,"Confirming deletion of a stopped session removes its catalog row, transcript/history, permission log, token statistics, and other session-owned rows atomically while preserving every other session.",docs/qa/reports/2026-07-28-untested-full.md,/Users/pedronauck/dev/qa-labs/compozy-consumer-saas-growth-20260714-194637-422214-lab/qa-artifacts/qa/session-delete/; /Users/pedronauck/dev/qa-labs/compozy-consumer-saas-growth-20260714-194637-422214-lab/qa-artifacts/qa/screenshots/session-delete-fresh-web.png;/Users/pedronauck/dev/qa-labs/compozy-qa-rt-current-source-20260730-20260730-061631-252740-lab/qa-artifacts/qa,BUG-20260714-session-delete-history-fk,CH-untested-valid-002-11-bruno;CH-session-message-delete-integrity,pending,,Not executed in this round.
RT-session-lifecycle-affordances,blocked-verify,standard_local_execution_candidate,no_separate_external_prerequisite_identified,Preserve session identity and unresolved file-mutation evidence,docs/qa/scenarios/RT-session-lifecycle-affordances.md,Document-based feasibility estimate; not an executed verdict; Codex Luna xhigh ACP canary still required,J-11,Théo,An unnamed user session receives one durable generated title after its first persisted assistant response; explicit names remain unchanged. A failed edit with no later successful edit for the same path adds one verifier marker to the durable timeline that remains visible beside the answer while settled work is collapsed; a later successful edit suppresses it. Durable interrupt and steer replacement behavior is owned by RT-019.,docs/qa/reports/2026-07-28-untested-full.md,/Users/pedronauck/dev/qa-labs/compozy-qa-rt-current-source-20260730-20260730-061631-252740-lab/qa-artifacts/qa,,CH-session-affordances-truth,pending,,Not executed in this round.
RT-session-native-stop,blocked-verify,separate_prerequisite_or_review,specific_provider_or_failure,Stop another session through the governed native tool,docs/qa/scenarios/RT-session-native-stop.md,Document-based feasibility estimate; not an executed verdict; Codex Luna xhigh ACP canary still required,J-15,Ada,"compozy__session_stop stops one live same-workspace target through the canonical session stop path, returns the terminal winner once, applies destructive approval policy, denies self or foreign-workspace targets, and leaves repeated or raced callers with deterministic structured outcomes.",docs/qa/reports/2026-09-06-sessions-stability.md,docs/qa/reports/2026-08-16-herdr-parity.md; /Users/pedronauck/dev/qa-labs/compozy-northstar-pay-20260816-141901-835450-lab/qa-artifacts/qa/bootstrap-manifest.json;docs/qa/reports/2026-09-05-sessions-stability-task01-02.md;/Users/pedronauck/dev/qa-labs/compozy-sessions-stability-task01-02-20260905-154017-502928-lab/qa-artifacts/qa/evidence/walkA2-stop-wait.json;/Users/pedronauck/dev/qa-labs/compozy-sessions-stability-task01-02-20260905-154017-502928-lab/qa-artifacts/qa/evidence/walkA2-events.json;/Users/pedronauck/dev/qa-labs/compozy-sessions-stability-task01-02-20260905-154017-502928-lab/qa-artifacts/qa/evidence/walkE-status-after-restart.json;/Users/pedronauck/dev/qa-labs/compozy-sessions-stability-task01-02-20260905-154017-502928-lab/qa-artifacts/qa/evidence/screenshots/f2-02-stopping-4s.png;/Users/pedronauck/dev/qa-labs/compozy-sessions-stability-task01-02-20260905-154017-502928-lab/qa-artifacts/qa/evidence/screenshots/f2-03-stopped-confirmed.png,BUG-20260906-stop-receipt-outcome-race,CH-herdr-session-orchestration,pending,,Not executed in this round.
RT-session-spawn-wake,blocked-verify,standard_local_execution_candidate,no_separate_external_prerequisite_identified,Wake a parent when its child settles,docs/qa/scenarios/RT-session-spawn-wake.md,Document-based feasibility estimate; not an executed verdict; Codex Luna xhigh ACP canary still required,J-respond-to-agent-attention,Cora,"A governed child that stops, fails, or enters a needs-you state queues one sanitized synthetic turn on its live parent by default, never interrupts an active parent prompt, and explicit notify_creator false suppresses only that child's wake with an auditable reason.",docs/qa/reports/2026-08-24-eng-147-ttl-cleanup.md,docs/qa/reports/2026-08-16-herdr-parity.md; internal/session/manager_lifecycle_contract_test.go,,CH-herdr-attention-signals,pending,,Not executed in this round.
RT-spawn-ttl-cleanup,blocked-verify,standard_local_execution_candidate,no_separate_external_prerequisite_identified,Reap a settled child without timeout noise,docs/qa/scenarios/RT-spawn-ttl-cleanup.md,Document-based feasibility estimate; not an executed verdict; Codex Luna xhigh ACP canary still required,J-15,Ada,"When a governed child reaches its TTL, a settled prompt is shown as a clean stopped session with the spawn origin and one stopped parent wake, while an in-flight prompt is shown as a timeout with one failure wake and one timeout marker.",docs/qa/reports/2026-08-24-eng-147-ttl-cleanup.md,internal/daemon/spawn_reaper_test.go; internal/session/stop_reason_test.go; internal/session/manager_lifecycle_contract_test.go,,,pending,,Not executed in this round.
RT-subprocess-health-escalation,blocked-verify,conditional_local_preparation,controlled_runtime_failure_or_history,Escalate a task run after ACP subprocess health failure,docs/qa/scenarios/RT-subprocess-health-escalation.md,Document-based feasibility estimate; not an executed verdict; Codex Luna xhigh ACP canary still required,J-diagnose-task-session-health,Ada,"Active failed ACP health verdicts produce the same bounded evidence through HTTP, UDS, compozy status, and runtime.subprocess_health doctor output; the configured threshold moves the exact linked nonterminal run to needs_attention once, an unexpected process exit escalates immediately, terminal runs remain terminal, and threshold 0 preserves diagnostics without task mutation.",docs/qa/reports/2026-08-20-pr-447-runtime-recovery.md,/Users/pedronauck/dev/qa-labs/compozy-qa-rt-current-source-20260730-20260730-061631-252740-lab/qa-artifacts/qa;internal/daemon/subprocess_health_escalator_test.go,,CH-subprocess-health-recovery;CH-loop-managed-session-death,pending,,Not executed in this round.
RT-web-attention-toast-delivery,blocked-verify,standard_local_execution_candidate,no_separate_external_prerequisite_identified,Receive useful attention alerts without notification fatigue,docs/qa/scenarios/RT-web-attention-toast-delivery.md,Document-based feasibility estimate; not an executed verdict; Codex Luna xhigh ACP canary still required,J-respond-to-agent-attention,Cora,"Unfocused needs-you events deliver distinct clickable toasts, same-session flaps deduplicate for five seconds, completions coalesce for five seconds, focused and muted sessions stay silent, one sound plays per batch, and bursts show four newest needs-you toasts plus a bell ledge for the remainder.",docs/qa/reports/2026-08-16-herdr-parity.md,docs/qa/evidence/2026-08-18-request-questionnaire/attention-toast-single.png; docs/qa/evidence/2026-08-18-request-questionnaire/attention-toast-stacked.png; docs/qa/reports/2026-08-16-herdr-parity.md; /Users/pedronauck/dev/qa-labs/compozy-northstar-pay-20260816-141901-835450-lab/qa-artifacts/qa/screenshots/herdr-cross-workspace-needs-you-fixed.png; /Users/pedronauck/dev/qa-labs/compozy-northstar-pay-20260816-141901-835450-lab/qa-artifacts/qa/screenshots/herdr-attention-all-quiet-cleared.png; .compozy/tasks/herdr-parity/evidence/visual/task_03,,CH-herdr-attention-signals,pending,,Not executed in this round.
RT-workspace-active-session-badge,blocked-verify,standard_local_execution_candidate,no_separate_external_prerequisite_identified,Surface background sessions across workspaces,docs/qa/scenarios/RT-workspace-active-session-badge.md,Document-based feasibility estimate; not an executed verdict; Codex Luna xhigh ACP canary still required,J-11,Théo,"Switching away from a workspace leaves its live session running, shows an exact active-session count on that workspace, surfaces a catalog-read warning instead of reporting a false zero, and lets the operator reopen the background session with its current transcript.",docs/qa/reports/2026-07-28-untested-full.md,/Users/pedronauck/dev/qa-labs/compozy-automation-features-20260713-20260713-044543-173594-lab/qa-artifacts/qa/screenshots/rt-compozy84-two-workspace-badge-title.dom.txt;/Users/pedronauck/dev/qa-labs/compozy-automation-features-20260713-20260713-044543-173594-lab/qa-artifacts/qa/screenshots/rt-compozy84-cross-workspace-return-hang.dom.txt;/Users/pedronauck/dev/qa-labs/compozy-automation-features-final-replay-20260713-20260713-194432-535561-lab/qa-artifacts/qa/screenshots/rt-compozy84-onboarding-session-counted-as-user.dom.txt;/Users/pedronauck/dev/qa-labs/compozy-automation-features-post-onboarding-fix-20260713-20260713-203513-816377-lab/qa-artifacts/qa/screenshots/rt-compozy84-onboarding-system-badge-one-fixed.dom.txt;/Users/pedronauck/dev/qa-labs/compozy-automation-features-post-onboarding-fix-20260713-20260713-203513-816377-lab/qa-artifacts/qa/screenshots/rt-compozy84-cross-workspace-return-fixed.dom.txt;/Users/pedronauck/dev/qa-labs/compozy-qa-rt-current-source-20260730-20260730-061631-252740-lab/qa-artifacts/qa,BUG-20260713-background-session-indicator-title;BUG-20260713-cross-workspace-session-return-hangs,CH-background-session-switch,pending,,Not executed in this round.
RT-workspace-overview-command-tab,blocked-verify,standard_local_execution_candidate,no_separate_external_prerequisite_identified,Switch workspace identity through the Command-Tab overview,docs/qa/scenarios/RT-workspace-overview-command-tab.md,Document-based feasibility estimate; not an executed verdict; Codex Luna xhigh ACP canary still required,J-operate-workspace-context,Ada,"⇧⌘W toggles a full-screen overlay over the inert live shell — a single-row glass strip of monogram tiles that never wraps, with edge fades and wheel/drag scrubbing on overflow. Arrows move a frosted focus plate with modulo wrap; Home/End jump; typeahead prefix-jumps with no visible UI; the caption crossfades to the focused workspace's name and ~-contracted root_dir. The current workspace carries a success check on its well — a git-branch glyph while a worktree is scoped, when the check moves to the scoped menu row instead. ↵ or click on a tile always switches to the workspace root and closes; while Global is on no tile reads current, the notice line renders, and picking a tile turns Global off in one gesture. The focused git-backed workspace always shows its worktrees as a vertical menu (locked sort, adopted-only counts; every worktree stays listed and a long list scrolls inside the menu's cap with the hairline + New worktree footer pinned below the scroll; lone dashed button at zero; nothing at all for non-git). The stage anchors above dead center — the reserved band below it keeps the menu and breathing space clear of the bottom-pinned shortcut hints, and the strip never shifts as menus change size. ↓ enters the menu, ↑ at the top or esc returns to the strip, inert rows are skipped with their reasons readable in a capped lane (never overlapping the state chip), ↵ scopes workspace/worktree, arrowing past the cap scrolls the focused row into view, and each row's kebab (pointer or Shift+F10) offers Copy path and the gated Delete worktree…. Esc steps popover → menu → overlay, returning focus to the menubar chip. Zero project workspaces collapse the strip to the empty copy with the surface's only accent button.",docs/qa/reports/2026-08-15-pr-410-review-evidence.md,web/e2e/__tests__/os-shell.spec.ts; web/src/systems/os/components/__tests__/os-workspaces-overview.test.tsx; .compozy/tasks/workspaces-overview-redesign/evidence/visual/vc-wsov/; /Users/pedronauck/dev/qa-labs/compozy-pr-410-review-evidence-20260815-055849-475301-lab/qa-artifacts/qa/screenshots/workspaces-current-worktree.png; /Users/pedronauck/dev/qa-labs/compozy-pr-410-review-evidence-20260815-055849-475301-lab/qa-artifacts/qa/screenshots/workspaces-empty-state.png; /Users/pedronauck/dev/qa-labs/compozy-pr-410-review-evidence-20260815-055849-475301-lab/qa-artifacts/qa/screenshots/keyboard-shortcuts-workspaces.png; /Users/pedronauck/dev/qa-labs/compozy-pr-410-review-evidence-20260815-055849-475301-lab/qa-artifacts/qa/screenshots/settings-workspaces-shortcut.png,,CH-workspaces-command-switcher,pending,,Not executed in this round.
RT-worktree-web-nested-navigation,blocked-verify,standard_local_execution_candidate,no_separate_external_prerequisite_identified,Navigate nested worktrees and scope work to one from the desktop shell,docs/qa/scenarios/RT-worktree-web-nested-navigation.md,Document-based feasibility estimate; not an executed verdict; Codex Luna xhigh ACP canary still required,J-worktree-management,Ada,"The command switcher, menubar workspace menu, workspaces overview, and the shared nest row component render the same worktree nest from one query — same rows, locked order, full state vocabulary, adopted-only counts, discovered rows marked and selectable, and pending, missing, or error rows inert with their reason held in a capped trailing lane that never collides with the name, chip, or path. Every worktree of the workspace in view stays in the nest — no control folds rows behind an ""All N worktrees"" jump anywhere; past the host cap the rows region scrolls inside the shared ScrollArea (topbar submenu, switcher side panel, and the overview's vertical menu alike) while the hairline + New worktree footer stays pinned and reachable below the scroll. Hover or ArrowRight opens the side submenu on S1 and S2; a pointer click on a workspace selects it. Keyboard-only traversal reaches every nested entry — arrowing past the cap scrolls the focused row into view. Selecting a worktree scopes session and task reads server-side and the menubar chip reads `workspace / worktree`. A window opened after the pick inherits the selection — the chip never resets to the parent on window open or focus. A window that makes its own pick keeps it independently of later shell gestures; re-selecting the active workspace roots only the acting scope, leaving other windows' picks intact.",docs/qa/reports/2026-08-14-worktree-scroll-area.md,/Users/pedronauck/dev/qa-labs/compozy-worktree-support-terminal-rewalk-20260813-150834-409343-lab/qa-artifacts/qa/screenshots/nested-worktree-selected.png; /Users/pedronauck/dev/qa-labs/compozy-worktree-support-terminal-rewalk-20260813-150834-409343-lab/qa-artifacts/qa/worktree-list-ready.json; /Users/pedronauck/dev/qa-labs/compozy-worktree-scroll-area-20260814-184457-553088-lab/qa-artifacts/qa/web-worktree-scroll-before.png; /Users/pedronauck/dev/qa-labs/compozy-worktree-scroll-area-20260814-184457-553088-lab/qa-artifacts/qa/web-worktree-scroll-after.png; /Users/pedronauck/dev/qa-labs/compozy-worktree-scroll-area-20260814-184457-553088-lab/qa-artifacts/qa/cli-list-worktrees.json,BUG-20260813-desktop-shell-context-order; BUG-20260813-pending-worktree-marked-missing,CH-worktree-lifecycle-surface-parity;CH-worktree-large-catalog-navigation,pending,,Not executed in this round.
TA-001,blocked-verify,standard_local_execution_candidate,no_separate_external_prerequisite_identified,Create task,docs/qa/scenarios/TA-001.md,Document-based feasibility estimate; not an executed verdict; Codex Luna xhigh ACP canary still required,J-network-local-default,Bruno,"POST creates a task (201) with title, scope, priority, max attempts, approval policy, optional draft/owner, and optional typed `network_participation`; omitted participation resolves Local when a run starts, while unknown legacy fields are rejected. The Web modal serializes only the typed request and offers the documented templates. Invalid scope binding → 4xx.",docs/qa/reports/2026-07-28-untested-full.md,"`tasks.go:188-223,1733-1766`; routes `httpapi:269`,`uds:282`; `web/.../tasks.new.tsx:11-19`; `task-templates.ts:55-131`; qa/evidence/batch-005-tasks-crud/ta001-*; qa/evidence/batch-005-tasks-crud/ta001-ta014-summary.json; qa/evidence/batch-005-tasks-crud/ta001-ta014-retest-summary.json;docs/qa/evidence/2026-07-14-network-changes/ch-network-local-default.md;/Users/pedronauck/dev/qa-labs/compozy-qa-ta-replay-20260730-062156-531636-lab/qa-artifacts/qa",,CH-untested-valid-022-network-local-default-bruno;CH-network-local-default,pending,,Not executed in this round.
TA-004,blocked-verify,standard_local_execution_candidate,no_separate_external_prerequisite_identified,Edit task,docs/qa/scenarios/TA-004.md,Document-based feasibility estimate; not an executed verdict; Codex Luna xhigh ACP canary still required,J-network-local-default,Bruno,"PATCH updates title/description/priority/max_attempts/approval_policy/auto_enqueue/owner and typed `network_participation`; the Web editor never emits legacy participation fields. Empty patch → 400 ""at least one mutable field"".",docs/qa/reports/2026-07-28-untested-full.md,/Users/pedronauck/dev/qa-labs/compozy-automation-features-20260713-20260713-044543-173594-lab/qa-artifacts/qa/screenshots/ch-task-owner-clear-fixed-detail.dom.txt; /Users/pedronauck/dev/qa-labs/compozy-automation-features-20260713-20260713-044543-173594-lab/qa-artifacts/qa/screenshots/ch-task-owner-clear-fixed-fresh-edit.dom.txt; /Users/pedronauck/dev/qa-labs/compozy-automation-features-20260713-20260713-044543-173594-lab/qa-artifacts/qa/screenshots/ch-task-owner-clear-second-child-fixed.dom.txt;docs/qa/evidence/2026-07-14-network-changes/ch-network-local-default.md;/Users/pedronauck/dev/qa-labs/compozy-qa-ta-replay-20260730-062156-531636-lab/qa-artifacts/qa,BUG-20260713-task-owner-cannot-clear,CH-untested-valid-022-network-local-default-bruno;CH-network-local-default,pending,,Not executed in this round.
TA-017,blocked-verify,standard_local_execution_candidate,no_separate_external_prerequisite_identified,Task hierarchy and active descendants,docs/qa/scenarios/TA-017.md,Document-based feasibility estimate; not an executed verdict; Codex Luna xhigh ACP canary still required,J-24,Bruno,"GET tree returns the parent and descendants; the web Overview shows direct subtasks with active, completed, and not-started state.",docs/qa/reports/2026-07-28-untested-full.md,`tasks.go:913-939`; `tasks.$id.tsx:140-150`; qa/evidence/batch-006-tasks-read-runs/ta017-http-task-tree.json; qa/evidence/batch-006-tasks-read-runs/ta015-ta023-summary.json;/Users/pedronauck/dev/qa-labs/compozy-qa-ta-replay-20260730-062156-531636-lab/qa-artifacts/qa,,CH-untested-024-24-bruno-part-1,pending,,Not executed in this round.
TA-018,blocked-verify,standard_local_execution_candidate,no_separate_external_prerequisite_identified,Inspect task diagnostics,docs/qa/scenarios/TA-018.md,Document-based feasibility estimate; not an executed verdict; Codex Luna xhigh ACP canary still required,J-24,Bruno,GET inspect returns diagnostics view.,docs/qa/reports/2026-07-28-untested-full.md,`tasks.go:253-279`; CLI `task.go:413`; qa/evidence/batch-006-tasks-read-runs/ta018-http-task-inspect.json; qa/evidence/batch-006-tasks-read-runs/ta018-cli-task-inspect.json; qa/evidence/batch-006-tasks-read-runs/ta015-ta023-summary.json;/Users/pedronauck/dev/qa-labs/compozy-qa-ta-replay-20260730-062156-531636-lab/qa-artifacts/qa,,CH-untested-024-24-bruno-part-1,verified,docs/qa/evidence/2026-09-10-qa-execution-unblock/task-diagnostics-proof.json,Real task/run Inspect drawers and reopen/reload match independent CLI/HTTP/UDS snapshots; missing targets404. Completed CursorGrok run retained across daemon restart.
TA-019,blocked-verify,standard_local_execution_candidate,no_separate_external_prerequisite_identified,Inspect run diagnostics,docs/qa/scenarios/TA-019.md,Document-based feasibility estimate; not an executed verdict; Codex Luna xhigh ACP canary still required,J-24,Bruno,GET inspect run returns diagnostics; web run-detail diagnostics card.,docs/qa/reports/2026-07-28-untested-full.md,`tasks.go:281-307`; route `httpapi:332`; `tasks.$id.runs.$runId.tsx:90-96`; qa/evidence/batch-006-tasks-read-runs/ta019-http-run-inspect.json; qa/evidence/batch-006-tasks-read-runs/ta015-ta023-summary.json;/Users/pedronauck/dev/qa-labs/compozy-qa-ta-replay-20260730-062156-531636-lab/qa-artifacts/qa,,CH-untested-024-24-bruno-part-1,verified,docs/qa/evidence/2026-09-10-qa-execution-unblock/task-diagnostics-proof.json,Real task/run Inspect drawers and reopen/reload match independent CLI/HTTP/UDS snapshots; missing targets404. Completed CursorGrok run retained across daemon restart.
TA-021,blocked-verify,standard_local_execution_candidate,no_separate_external_prerequisite_identified,Task bridge notification subscriptions,docs/qa/scenarios/TA-021.md,Document-based feasibility estimate; not an executed verdict; Codex Luna xhigh ACP canary still required,,Bruno,"POST creates, GET lists/gets, DELETE removes a per-task bridge subscription.",,routes `httpapi:278-282`; CLI `task.go:711-824`; `tasks.$id.tsx:164-173`; qa/evidence/batch-006-tasks-read-runs/ta021-cli-bridge-create.json; qa/evidence/batch-006-tasks-read-runs/ta021-retest-cli-bridge-create.json,,,pending,,Not executed in this round.
TA-022,blocked-verify,standard_local_execution_candidate,no_separate_external_prerequisite_identified,List task runs,docs/qa/scenarios/TA-022.md,Document-based feasibility estimate; not an executed verdict; Codex Luna xhigh ACP canary still required,J-24,Bruno,"GET returns runs for a task and applies status, session, and resolved participation-channel filters before limit.",docs/qa/reports/2026-07-28-untested-full.md,`tasks.go:747-784`; CLI `task.go:1965`; qa/evidence/batch-006-tasks-read-runs/ta022-http-task-runs.json; qa/evidence/batch-006-tasks-read-runs/ta022-cli-run-list.json; qa/evidence/batch-006-tasks-read-runs/ta015-ta023-summary.json;/Users/pedronauck/dev/qa-labs/compozy-qa-ta-replay-20260730-062156-531636-lab/qa-artifacts/qa,,CH-untested-024-24-bruno-part-1,pending,,Not executed in this round.
TA-023,blocked-verify,standard_local_execution_candidate,no_separate_external_prerequisite_identified,Get run detail,docs/qa/scenarios/TA-023.md,Document-based feasibility estimate; not an executed verdict; Codex Luna xhigh ACP canary still required,J-24,Bruno,GET returns run detail view; web run page renders header + timeline + reviews.,docs/qa/reports/2026-07-28-untested-full.md,`tasks.go:786-812`; route `tasks.$id.runs.$runId.tsx`; qa/evidence/batch-006-tasks-read-runs/ta023-http-run-detail.json; qa/evidence/batch-006-tasks-read-runs/ta023-retest-cli-run-help.json; qa/evidence/batch-006-tasks-read-runs/ta023-retest-cli-run-show-after-fix.json; qa/issues/BUG-005.md;/Users/pedronauck/dev/qa-labs/compozy-qa-ta-replay-20260730-062156-531636-lab/qa-artifacts/qa,BUG-0005,CH-untested-024-24-bruno-part-1,pending,,Not executed in this round.
TA-024,blocked-verify,standard_local_execution_candidate,no_separate_external_prerequisite_identified,Manual exact-run claim,docs/qa/scenarios/TA-024.md,Document-based feasibility estimate; not an executed verdict; Codex Luna xhigh ACP canary still required,J-bound-runaway-work,Ada,"Exact `run_id` selection returns only that queued run through claim-next with the canonical session-bound token, lease, heartbeat, hooks, and events; an unavailable target returns the typed no-work result without fallback.",docs/qa/reports/2026-07-28-untested-full.md,/Users/pedronauck/dev/qa-labs/compozy-qa-ta-replay-20260730-062156-531636-lab/qa-artifacts/qa,,CH-untested-050-bound-runaway-work-ada,pending,,Not executed in this round.
TA-033,blocked-verify,conditional_local_preparation,controlled_task_clock_failure_or_race,Recover needs_attention run,docs/qa/scenarios/TA-033.md,Document-based feasibility estimate; not an executed verdict; Codex Luna xhigh ACP canary still required,J-24,Bruno,POST recover terminalizes + queues continuation (201).,docs/qa/reports/2026-08-20-pr-447-runtime-recovery.md,`tasks.go:1471-1507`; route `httpapi:336`; CLI `task.go:1670`; qa/evidence/batch-007-task-run-lifecycle/ta-033.json; qa/evidence/batch-007-task-run-lifecycle/ta024-ta034-summary.json; /Users/pedronauck/dev/qa-labs/compozy-automation-features-20260713-20260713-044543-173594-lab/qa-artifacts/qa/screenshots/ch-task-needs-attention-recovery-hidden.dom.txt; /Users/pedronauck/dev/qa-labs/compozy-automation-features-20260713-20260713-044543-173594-lab/qa-artifacts/qa/screenshots/ch-task-needs-attention-exhausted-fixed.dom.txt; /Users/pedronauck/dev/qa-labs/compozy-automation-features-20260713-20260713-044543-173594-lab/qa-artifacts/qa/screenshots/ch-task-needs-attention-recoverable-fixed.dom.txt;/Users/pedronauck/dev/qa-labs/compozy-qa-ta-replay-20260730-062156-531636-lab/qa-artifacts/qa;internal/store/globaldb/global_db_loop_task_recovery_test.go,BUG-20260713-needs-attention-recovery-hidden,CH-loop-task-recovery-binding;CH-untested-024-24-bruno-part-1,pending,,Not executed in this round.
TA-039,blocked-verify,standard_local_execution_candidate,no_separate_external_prerequisite_identified,Task dashboard,docs/qa/scenarios/TA-039.md,Document-based feasibility estimate; not an executed verdict; Codex Luna xhigh ACP canary still required,J-24,Marina,"GET dashboard returns observer aggregate; web Dashboard shows active runs, queue health, status breakdown, scheduler controls.",docs/qa/reports/2026-07-28-untested-full.md,"`internal/observe/tasks.go:239-240,540-557,694-699`; routes `httpapi:193`; `-tasks-route.tsx:76-93`; qa/evidence/batch-009-observe-scheduler/ta-039.json; qa/evidence/batch-009-observe-scheduler/ta039-ta048-summary.json;/Users/pedronauck/dev/qa-labs/compozy-qa-ta-replay-20260730-062156-531636-lab/qa-artifacts/qa",,CH-untested-027-24-marina,pending,,Not executed in this round.
TA-040,blocked-verify,standard_local_execution_candidate,no_separate_external_prerequisite_identified,Task inbox + unread,docs/qa/scenarios/TA-040.md,Document-based feasibility estimate; not an executed verdict; Codex Luna xhigh ACP canary still required,J-24,Marina,"`GET /api/tasks/inbox` returns actor-scoped `inbox{groups,unread_total,archived_total,facets,page}` with a query/authority-bound cursor, daemon-owned lane/status/priority/unread/query filters, lean rows, exact totals, and explicit continuation; read/archive/dismiss mutations preserve the infinite page envelopes.",docs/qa/reports/2026-07-28-untested-full.md,"`internal/observe/tasks.go:493-496,564-587,931-992`; `-tasks-route.tsx:94-117`; qa/evidence/batch-009-observe-scheduler/ta-040.json; qa/evidence/batch-009-observe-scheduler/ta039-ta048-summary.json;/Users/pedronauck/dev/qa-labs/compozy-qa-ta-replay-20260730-062156-531636-lab/qa-artifacts/qa",,CH-038;CH-untested-valid-011-24-marina,pending,,Not executed in this round.
TA-044,blocked-verify,standard_local_execution_candidate,no_separate_external_prerequisite_identified,Scheduler status,docs/qa/scenarios/TA-044.md,Document-based feasibility estimate; not an executed verdict; Codex Luna xhigh ACP canary still required,J-24,Bruno,GET returns pause state and queue pressure; compatible busy capacity stays queued while starved counts only active escalation episodes.,docs/qa/reports/2026-07-28-untested-full.md,"`scheduler.go:89-106,247-261`; CLI `scheduler.go:58-78`; `internal/scheduler/scheduler_test.go`; `internal/store/globaldb/global_db_task_starvation_test.go`; qa/evidence/batch-009-observe-scheduler/ta-044.json; qa/evidence/batch-009-observe-scheduler/ta039-ta048-summary.json;/Users/pedronauck/dev/qa-labs/compozy-qa-ta-replay-20260730-062156-531636-lab/qa-artifacts/qa",BUG-20260715-serial-pool-starves-backlog,CH-untested-025-24-bruno-part-2,pending,,Not executed in this round.
TA-047,blocked-verify,standard_local_execution_candidate,no_separate_external_prerequisite_identified,Resume scheduler,docs/qa/scenarios/TA-047.md,Document-based feasibility estimate; not an executed verdict; Codex Luna xhigh ACP canary still required,J-24,Bruno,"POST resume clears global pause, returns status, and restarts the starvation-age window for queued runs.",docs/qa/reports/2026-07-28-untested-full.md,`scheduler.go:140-170`; CLI `scheduler.go:103-126`; `internal/scheduler/scheduler_test.go`; qa/evidence/batch-009-observe-scheduler/ta-047.json; qa/evidence/batch-009-observe-scheduler/ta039-ta048-summary.json;/Users/pedronauck/dev/qa-labs/compozy-qa-ta-replay-20260730-062156-531636-lab/qa-artifacts/qa,BUG-20260715-scheduler-resume-starvation,CH-untested-025-24-bruno-part-2,pending,,Not executed in this round.
TA-050,blocked-verify,standard_local_execution_candidate,no_separate_external_prerequisite_identified,Agent heartbeat lease,docs/qa/scenarios/TA-050.md,Document-based feasibility estimate; not an executed verdict; Codex Luna xhigh ACP canary still required,J-bound-runaway-work,Ada,POST heartbeat with lease_seconds extends lease; bounded by `MaxRunLeaseDuration`.,docs/qa/reports/2026-07-28-untested-full.md,"`agent_tasks.go:145-183,432-447`; routes `httpapi:152`; qa/evidence/batch-010-agent-task-leases/ta-050.json; qa/evidence/batch-010-agent-task-leases/ta049-ta051-summary.json;/Users/pedronauck/dev/qa-labs/compozy-qa-ta-replay-20260730-062156-531636-lab/qa-artifacts/qa",,CH-untested-050-bound-runaway-work-ada,pending,,Not executed in this round.
TA-052,blocked-verify,standard_local_execution_candidate,no_separate_external_prerequisite_identified,Manage automation job,docs/qa/scenarios/TA-052.md,Document-based feasibility estimate; not an executed verdict; Codex Luna xhigh ACP canary still required,J-24,Bruno,"Automation job CRUD remains dynamic-definition-only; task-backed job drafts never expose, retain, or emit a raw `task.network_channel`; job list returns a counted cursor page with daemon-owned `q/source/enabled/loop/scope/workspace/cursor/limit`, sources `config|package|dynamic`, exact total, scheduler state, and next-run projection; config/package rows remain read-only and the web exposes continuation.",docs/qa/reports/2026-07-28-untested-full.md,`automation.go:35-224`; routes `httpapi:245-252`; `jobs.tsx`; CLI `automation.go:110`; qa/evidence/batch-011-automation-crud-webhooks/ta-052.json; qa/evidence/batch-011-automation-crud-webhooks/ta052-ta060-summary.json;/Users/pedronauck/dev/qa-labs/compozy-qa-ta-replay-20260730-062156-531636-lab/qa-artifacts/qa,,CH-038,pending,,Not executed in this round.
TA-053,blocked-verify,standard_local_execution_candidate,no_separate_external_prerequisite_identified,Trigger job now,docs/qa/scenarios/TA-053.md,Document-based feasibility estimate; not an executed verdict; Codex Luna xhigh ACP canary still required,J-24,Bruno,POST trigger returns the started run.,docs/qa/reports/2026-07-28-untested-full.md,`automation.go:226-239`; route `httpapi:251`; CLI `automation.go:381`; qa/evidence/batch-011-automation-crud-webhooks/ta-053.json; qa/evidence/batch-011-automation-crud-webhooks/ta052-ta060-summary.json;/Users/pedronauck/dev/qa-labs/compozy-qa-ta-replay-20260730-062156-531636-lab/qa-artifacts/qa,,CH-automation-manual-trigger,pending,,Not executed in this round.
TA-054,blocked-verify,standard_local_execution_candidate,no_separate_external_prerequisite_identified,Job run history,docs/qa/scenarios/TA-054.md,Document-based feasibility estimate; not an executed verdict; Codex Luna xhigh ACP canary still required,J-24,Bruno,"`GET` job run history remains the authoritative job-filtered run endpoint; the web detail labels its bounded recent window as `Runs shown` and `Recent success`, never as lifetime run count or success rate.",docs/qa/reports/2026-07-28-untested-full.md,`automation.go:241-268`; `automation-run-history.tsx`; CLI `automation.go:765`; qa/evidence/batch-011-automation-crud-webhooks/ta-054.json; qa/evidence/batch-011-automation-crud-webhooks/ta052-ta060-summary.json;/Users/pedronauck/dev/qa-labs/compozy-qa-ta-replay-20260730-062156-531636-lab/qa-artifacts/qa,,CH-038,pending,,Not executed in this round.
TA-057,blocked-verify,standard_local_execution_candidate,no_separate_external_prerequisite_identified,Trigger events + filters,docs/qa/scenarios/TA-057.md,Document-based feasibility estimate; not an executed verdict; Codex Luna xhigh ACP canary still required,J-create-and-activate-trigger,Bruno,Trigger event must be a known event; filters narrow matches; webhook triggers require webhook_id + endpoint_slug + secret.,docs/qa/reports/2026-08-12-pr-358-trigger-events.md,"`automation/trigger.go:25-79,108-139`; `automation.go:910-941,999-1016`; `web/.../trigger-form/`; qa/evidence/batch-011-automation-crud-webhooks/ta-057.json; qa/evidence/batch-011-automation-crud-webhooks/ta052-ta060-summary.json; `docs/qa/reports/2026-08-12-pr-358-trigger-events.md`; `/Users/pedronauck/dev/qa-labs/compozy-pr-358-trigger-events-20260812-161024-582368-lab/qa-artifacts/qa/teardown.json`",,CH-producer-backed-trigger-events,pending,,Not executed in this round.
TA-061,blocked-verify,standard_local_execution_candidate,no_separate_external_prerequisite_identified,Config-backed job/trigger policy,docs/qa/scenarios/TA-061.md,Document-based feasibility estimate; not an executed verdict; Codex Luna xhigh ACP canary still required,J-24,Dora,Update with any non-`enabled` field → 400; DELETE of config-source → 400.,docs/qa/reports/2026-07-28-untested-full.md,"automation.go:166-224,378-425,869-885,1023-1042; qa/evidence/batch-012-automation-config-settings/ta-061.json; qa/evidence/batch-012-automation-config-settings/ta061-ta062-summary.json;/Users/pedronauck/dev/qa-labs/compozy-qa-ta-replay-20260730-062156-531636-lab/qa-artifacts/qa",,CH-untested-026-24-dora,pending,,Not executed in this round.
TA-062,blocked-verify,standard_local_execution_candidate,no_separate_external_prerequisite_identified,Automation enable/disable (settings),docs/qa/scenarios/TA-062.md,Document-based feasibility estimate; not an executed verdict; Codex Luna xhigh ACP canary still required,J-24,Dora,GET returns automation settings; PATCH (privileged on HTTP) toggles enablement; health reflects scheduler running.,docs/qa/reports/2026-07-28-untested-full.md,"routes httpapi:460-461 privileged, uds:489-490; automation.go:594-609; qa/evidence/batch-012-automation-config-settings/ta-062-prefix-bug006.json; qa/issues/BUG-006.md; qa/evidence/batch-012-automation-config-settings/ta-062.json; qa/evidence/batch-012-automation-config-settings/ta061-ta062-summary.json;/Users/pedronauck/dev/qa-labs/compozy-qa-ta-replay-20260730-062156-531636-lab/qa-artifacts/qa",BUG-0006,CH-untested-026-24-dora,pending,,Not executed in this round.
TA-063,blocked-verify,standard_local_execution_candidate,no_separate_external_prerequisite_identified,Loop-target automation job start,docs/qa/scenarios/TA-063.md,Document-based feasibility estimate; not an executed verdict; Codex Luna xhigh ACP canary still required,J-09,Ada,"A scheduled automation job with target_kind=loop starts the declared Loop through loop.Service.Start, records automation_runs.status=delegated and loop_run_id, carries scheduled/catch-up metadata into loop_run.start_metadata, defaults watch-source loops to catch-up coalesce, and rejects disallowed start[] or missing inputs deterministically.",docs/qa/reports/2026-07-28-untested-full.md,/Users/pedronauck/dev/qa-labs/compozy-qa-ta-replay-20260730-062156-531636-lab/qa-artifacts/qa;/Users/pedronauck/dev/qa-labs/compozy-root-fixes-retest-20260730-072350-328928-lab/qa-artifacts/qa/evidence/root-fixes/public-replay.md,BUG-20260730-loop-automation-target-cli,CH-untested-010-09-ada,pending,,Not executed in this round.
TA-064,blocked-verify,standard_local_execution_candidate,no_separate_external_prerequisite_identified,Loop-target trigger and webhook start,docs/qa/scenarios/TA-064.md,Document-based feasibility estimate; not an executed verdict; Codex Luna xhigh ACP canary still required,J-09,Ada,"A trigger or signed webhook with target_kind=loop maps static inputs plus input_mapping payload fields into the Loop schema, creates one observable loop_run, and records delegated loop_run_id correlation.",docs/qa/reports/2026-07-28-untested-full.md,/Users/pedronauck/dev/qa-labs/compozy-qa-ta-replay-20260730-062156-531636-lab/qa-artifacts/qa;/Users/pedronauck/dev/qa-labs/compozy-root-fixes-retest-20260730-072350-328928-lab/qa-artifacts/qa/evidence/root-fixes/public-replay.md,BUG-20260730-loop-automation-target-cli,CH-untested-010-09-ada,pending,,Not executed in this round.
TA-065,blocked-verify,standard_local_execution_candidate,no_separate_external_prerequisite_identified,Automation list loop filter,docs/qa/scenarios/TA-065.md,Document-based feasibility estimate; not an executed verdict; Codex Luna xhigh ACP canary still required,J-24,Ada,Automation job and trigger lists apply `loop=<name>` inside their counted paged query across HTTP/UDS/CLI/native surfaces using typed loop columns; Loop detail loads jobs and triggers independently with exact totals and continuation.,docs/qa/reports/2026-07-28-untested-full.md,/Users/pedronauck/dev/qa-labs/compozy-qa-ta-replay-20260730-062156-531636-lab/qa-artifacts/qa,,CH-untested-valid-009-24-ada;CH-038,pending,,Not executed in this round.
TA-066,blocked-verify,standard_local_execution_candidate,no_separate_external_prerequisite_identified,Loop start binding parity,docs/qa/scenarios/TA-066.md,Document-based feasibility estimate; not an executed verdict; Codex Luna xhigh ACP canary still required,J-09,Ada,"Manual, CLI, HTTP, UDS, trigger, schedule, webhook, network, extension, and native_tool start bindings derive the correct actor and validate typed inputs before the single loop.Service.Start path.",docs/qa/reports/2026-07-28-untested-full.md,/Users/pedronauck/dev/qa-labs/compozy-qa-ta-replay-20260730-062156-531636-lab/qa-artifacts/qa,,CH-untested-010-09-ada,pending,,Not executed in this round.
TA-068,blocked-verify,standard_local_execution_candidate,no_separate_external_prerequisite_identified,Loop run and dry-run HTTP/UDS API,docs/qa/scenarios/TA-068.md,Document-based feasibility estimate; not an executed verdict; Codex Luna xhigh ACP canary still required,J-07,Ada,"POST /loops/:name/run and ?dry=true start or plan a Loop with typed inputs, declared start-kind binding, deterministic status/body errors, and actor identity mapping.",docs/qa/reports/2026-07-28-untested-full.md,/Users/pedronauck/dev/qa-labs/compozy-qa-ta-replay-20260730-062156-531636-lab/qa-artifacts/qa,,CH-untested-008-07-ada,pending,,Not executed in this round.
TA-075,blocked-verify,standard_local_execution_candidate,no_separate_external_prerequisite_identified,Loop native definition management tools,docs/qa/scenarios/TA-075.md,Document-based feasibility estimate; not an executed verdict; Codex Luna xhigh ACP canary still required,J-07,Ada,"compozy__loop_list/inspect/validate/create/configure/delete manage Loop definitions with HTTP/UDS parity, expected_version CAS on writes, structured lint diagnostics, and user-definition-only delete semantics.",docs/qa/reports/2026-07-28-untested-full.md,/Users/pedronauck/dev/qa-labs/compozy-loop-catalog-native-20260729-20260729-185423-303044-lab/qa-artifacts/qa/evidence/050-loop-catalog-native;/Users/pedronauck/dev/qa-labs/compozy-qa-ta-replay-20260730-062156-531636-lab/qa-artifacts/qa,BUG-20260729-loop-native-error-semantics,CH-untested-008-07-ada,pending,,Not executed in this round.
TA-077,blocked-verify,standard_local_execution_candidate,no_separate_external_prerequisite_identified,Loop approval native safety,docs/qa/scenarios/TA-077.md,Document-based feasibility estimate; not an executed verdict; Codex Luna xhigh ACP canary still required,J-07,Ada,"compozy__loop_approve requires loops.approve capability, rejects self-approval by the authoring agent session, and accepts only hash-form approval tokens without raw token transport/log/SSE exposure.",docs/qa/reports/2026-07-28-untested-full.md,/Users/pedronauck/dev/qa-labs/compozy-qa-ta-replay-20260730-062156-531636-lab/qa-artifacts/qa,,CH-untested-008-07-ada,pending,,Not executed in this round.
TA-078,blocked-verify,standard_local_execution_candidate,no_separate_external_prerequisite_identified,Loop CLI parity,docs/qa/scenarios/TA-078.md,Document-based feasibility estimate; not an executed verdict; Codex Luna xhigh ACP canary still required,J-07,Ada,`compozy loop` verbs route through UDS with Loop API parity; `compozy loop list` accepts `q/kind/category/status/sort/cursor/limit` and renders structured page/facet metadata and continuation without discarding total truth.,docs/qa/reports/2026-07-28-untested-full.md,/Users/pedronauck/dev/qa-labs/compozy-qa-ta-replay-20260730-062156-531636-lab/qa-artifacts/qa,,CH-untested-008-07-ada,pending,,Not executed in this round.
TA-079,blocked-verify,standard_local_execution_candidate,no_separate_external_prerequisite_identified,Loop config defaults lifecycle,docs/qa/scenarios/TA-079.md,Document-based feasibility estimate; not an executed verdict; Codex Luna xhigh ACP canary still required,J-07,Ada,"[loops.defaults.delivery] and [loops.defaults.watch] load from global/workspace config, seed new Loop effective config for delivery/watch modes, include runtime_defaults.worker/judge plus ordered runtime_rules for run-agent and agent-judge routing, expose agent-manageable config paths, and reject defaults above compile-time ceilings.",docs/qa/reports/2026-07-28-untested-full.md,/Users/pedronauck/dev/qa-labs/compozy-qa-ta-replay-20260730-062156-531636-lab/qa-artifacts/qa;/Users/pedronauck/dev/qa-labs/compozy-root-fixes-retest-20260730-072350-328928-lab/qa-artifacts/qa/evidence/root-fixes/public-replay.md,BUG-20260730-repository-config-hardcut,CH-untested-008-07-ada,pending,,Not executed in this round.
TA-081,blocked-verify,standard_local_execution_candidate,no_separate_external_prerequisite_identified,Default spec-cycle review-and-fix Loop,docs/qa/scenarios/TA-081.md,Document-based feasibility estimate; not an executed verdict; Codex Luna xhigh ACP canary still required,J-01,Ada,"The `spec-cycle` extension provides a read-only review-and-fix definition that accepts required `task_name` plus optional reviewer, fixer, and auto_commit inputs, writes agent-authored findings, remediates complete artifact batches, and ends when a new review is clean.",docs/qa/reports/2026-07-28-untested-full.md,/Users/pedronauck/dev/qa-labs/compozy-qa-ta-replay-20260730-062156-531636-lab/qa-artifacts/qa,,CH-untested-001-01-ada,pending,,Not executed in this round.
TA-082,blocked-verify,standard_local_execution_candidate,no_separate_external_prerequisite_identified,Loops sidebar navigation,docs/qa/scenarios/TA-082.md,Document-based feasibility estimate; not an executed verdict; Codex Luna xhigh ACP canary still required,J-01,Bruno,"The app sidebar Operate section exposes a Loops nav item linking to /loops; Loops stays active on loop detail, editor, configure, and run child routes. Runs (/loop-runs) is reached from within Loops, not as a separate sidebar entry.",docs/qa/reports/2026-07-28-untested-full.md,/Users/pedronauck/dev/qa-labs/compozy-qa-ta-replay-20260730-062156-531636-lab/qa-artifacts/qa,,CH-untested-002-01-bruno,pending,,Not executed in this round.
TA-083,blocked-verify,standard_local_execution_candidate,no_separate_external_prerequisite_identified,"Loop run form (typed inputs, overrides, dry-run)",docs/qa/scenarios/TA-083.md,Document-based feasibility estimate; not an executed verdict; Codex Luna xhigh ACP canary still required,J-01,Bruno,"The run form auto-generates a typed control per declared input (string/number/bool/file/agent/ref) with type badges + required markers, keeps Run disabled until required inputs are filled, shows Advanced per-run overrides (6 clamped fields with default/ceiling) and NO cost-cap input, renders the gen-1 plan on Dry run without creating a run, and starts a run on Run.",docs/qa/reports/2026-07-28-untested-full.md,/Users/pedronauck/dev/qa-labs/compozy-qa-ta-replay-20260730-062156-531636-lab/qa-artifacts/qa,,CH-untested-002-01-bruno,pending,,Not executed in this round.
TA-085,blocked-verify,standard_local_execution_candidate,no_separate_external_prerequisite_identified,Loop configure sheet (no-fork tweaks),docs/qa/scenarios/TA-085.md,Document-based feasibility estimate; not an executed verdict; Codex Luna xhigh ACP canary still required,J-05,Bruno,"The Configure sheet (right-side drawer over a dimmed scrim) writes the per-loop loop_config via PUT /config: per-verification-check enable toggles with a conditional command field for command checks (non-command criteria locked on, cannot be removed without a fork), a human-approval-gate toggle, re-attempt strategy cards (failed-only default / full-body), 6 ceiling-clamped per-loop limit overrides + budget-on-exceeded policy, Reset to defaults, and Save. Structural fields (node order/kinds/inputs/contract/goal) are non-editable and link to fork; NO cost-cap field (cost is display-only).",docs/qa/reports/2026-07-28-untested-full.md,/Users/pedronauck/dev/qa-labs/compozy-qa-ta-replay-20260730-062156-531636-lab/qa-artifacts/qa,,CH-untested-005-05-bruno,pending,,Not executed in this round.
TA-086,blocked-verify,standard_local_execution_candidate,no_separate_external_prerequisite_identified,Loop visual editor (fork-and-edit DAG canvas + codec + linter + positions),docs/qa/scenarios/TA-086.md,Document-based feasibility estimate; not an executed verdict; Codex Luna xhigh ACP canary still required,J-06,Bruno,"The fork-and-edit editor over the one canonical compozy.loop/v1 definition: renders the body graph on a @xyflow/react canvas (neutral node cards, class/kind labels, selected accent ring, error danger ring+badge, fan-out knob chips) with dagre auto-layout; the Action/Control/Source palette (reserved kinds + Channel post + Call tool…) adds nodes; the per-node inspector renders per-class/kind fields from the DSL types (run-agent has agent/prompt/output_schema/overrides/cwd/session/timeout/retry, no action_ref/kind select; branch.condition CEL + gate criteria with {{ }}/CEL autocomplete; input_ref an editable select over declared inputs); the linter dock surfaces the invariant chips + maps 422 {node_id,code,message,severity} onto nodes from BOTH validate and publish, warnings never claim a 422 gate, Publish disabled while blocking issues; Graph/DSL toggle renders compozy.loop/v1 read-only with the offending field highlighted; positions persist via GET/PUT /annotations (never in the definition); Publish bumps meta.version with expected_version CAS (409 on stale); fork-from-name → edit → publish → run.",docs/qa/reports/2026-07-28-untested-full.md,/Users/pedronauck/dev/qa-labs/compozy-qa-ta-replay-20260730-062156-531636-lab/qa-artifacts/qa,,CH-untested-007-06-bruno,pending,,Not executed in this round.
TA-088,blocked-verify,standard_local_execution_candidate,no_separate_external_prerequisite_identified,Externally started Goal discovery,docs/qa/scenarios/TA-088.md,Document-based feasibility estimate; not an executed verdict; Codex Luna xhigh ACP canary still required,J-27,Marina,"A session transcript stream emits persisted goal_snapshot_changed frames for start, replace, status, clear, and reseed changes, including changes initiated outside the current browser; replay and reconnect preserve one monotonically increasing cursor.",docs/qa/reports/2026-07-28-untested-full.md,/Users/pedronauck/dev/qa-labs/compozy-qa-ta-replay-20260730-062156-531636-lab/qa-artifacts/qa,,CH-untested-032-27-marina-part-1,pending,,Not executed in this round.
TA-089,blocked-verify,standard_local_execution_candidate,no_separate_external_prerequisite_identified,Goal prompt-kind transcript metadata,docs/qa/scenarios/TA-089.md,Document-based feasibility estimate; not an executed verdict; Codex Luna xhigh ACP canary still required,J-27,Marina,"Managed Goal prompts retain exact goal-work, goal-continuation, or goal-compaction metadata through durable session events, transcript replay, and public Agent/Session event payloads.",docs/qa/reports/2026-07-28-untested-full.md,/Users/pedronauck/dev/qa-labs/compozy-qa-ta-replay-20260730-062156-531636-lab/qa-artifacts/qa,,CH-untested-032-27-marina-part-1,pending,,Not executed in this round.
TA-090,blocked-verify,standard_local_execution_candidate,no_separate_external_prerequisite_identified,Goal turn audit,docs/qa/scenarios/TA-090.md,Document-based feasibility estimate; not an executed verdict; Codex Luna xhigh ACP canary still required,J-27,Marina,"Goal turns are returned in run-wide sequence order across generations, nodes, and fan-out items with validated after_seq, limit, node, and item filters; nullable usage and verdict fields remain truthful and reads cannot cross workspaces.",docs/qa/reports/2026-07-28-untested-full.md,/Users/pedronauck/dev/qa-labs/compozy-qa-ta-replay-20260730-062156-531636-lab/qa-artifacts/qa,,CH-untested-032-27-marina-part-1,pending,,Not executed in this round.
TA-091,blocked-verify,standard_local_execution_candidate,no_separate_external_prerequisite_identified,Goal Run origin filters,docs/qa/scenarios/TA-091.md,Document-based feasibility estimate; not an executed verdict; Codex Luna xhigh ACP canary still required,J-27,Marina,"Run listing filters origin=catalog|session, origin_session, and live without returning Runs from another workspace; combined filters are deterministic on HTTP and UDS.",docs/qa/reports/2026-07-28-untested-full.md,/Users/pedronauck/dev/qa-labs/compozy-qa-ta-replay-20260730-062156-531636-lab/qa-artifacts/qa,,CH-untested-032-27-marina-part-1,pending,,Not executed in this round.
TA-092,blocked-verify,standard_local_execution_candidate,no_separate_external_prerequisite_identified,Goal config lifecycle,docs/qa/scenarios/TA-092.md,Document-based feasibility estimate; not an executed verdict; Codex Luna xhigh ACP canary still required,J-28,Bruno,"[goals] Goal defaults load and merge at global/workspace scope while daemon-wide relay controls use global config; max_turns must be positive, context_nudge_ratio accepts and preserves 0.0 through 1.0, outbox_batch_size accepts 1 through 200, outbox_poll_interval must be positive, CLI and native config writes report restart-required, active Runs/checkpoints keep their pinned ratio, and the durable session-event relay uses the global batch and interval after daemon restart.",docs/qa/reports/2026-07-28-untested-full.md,/Users/pedronauck/dev/qa-labs/compozy-qa-ta-replay-20260730-062156-531636-lab/qa-artifacts/qa;/Users/pedronauck/dev/qa-labs/compozy-root-fixes-retest-20260730-072350-328928-lab/qa-artifacts/qa/evidence/root-fixes/public-replay.md,BUG-20260730-goal-outbox-config-rejected,CH-untested-034-28-bruno,pending,,Not executed in this round.
TA-093,blocked-verify,standard_local_execution_candidate,no_separate_external_prerequisite_identified,Inline Goal command lifecycle,docs/qa/scenarios/TA-093.md,Document-based feasibility estimate; not an executed verdict; Codex Luna xhigh ACP canary still required,J-26,Bruno,Authenticated /goal set creates one canonical session-origin Goal; status reads it; pause and resume preserve the caller actor; clear hides the newest live or terminal snapshot without deleting its Run/turn audit or resurrecting older history.,docs/qa/reports/2026-07-28-untested-full.md,/Users/pedronauck/dev/qa-labs/compozy-qa-ta-replay-20260730-062156-531636-lab/qa-artifacts/qa,,CH-untested-029-26-bruno,pending,,Not executed in this round.
TA-094,blocked-verify,standard_local_execution_candidate,no_separate_external_prerequisite_identified,Goal replace expected-run safety,docs/qa/scenarios/TA-094.md,Document-based feasibility estimate; not an executed verdict; Codex Luna xhigh ACP canary still required,J-26,Lea,"/goal replace requires the current expected Run id; stale or concurrent replacement returns goal_replace_stale without mutating the live Goal, while a valid prepared successor atomically replaces it and remains recoverable after restart.",docs/qa/reports/2026-07-28-untested-full.md,/Users/pedronauck/dev/qa-labs/compozy-qa-ta-replay-20260730-062156-531636-lab/qa-artifacts/qa,,CH-untested-030-26-lea,pending,,Not executed in this round.
TA-095,blocked-verify,standard_local_execution_candidate,no_separate_external_prerequisite_identified,Goal draft and ingress authorization,docs/qa/scenarios/TA-095.md,Document-based feasibility estimate; not an executed verdict; Codex Luna xhigh ACP canary still required,J-26,Lea,"/goal draft is parsed only at authenticated operator prompt ingress, streams through the ordinary prompt path when idle, and returns goal_draft_requires_idle before SSE without queueing, steering, interrupting, or canceling active Goal work; internal/network/automation/extension prompts remain literal.",docs/qa/reports/2026-07-28-untested-full.md,/Users/pedronauck/dev/qa-labs/compozy-qa-ta-replay-20260730-062156-531636-lab/qa-artifacts/qa,,CH-untested-030-26-lea,pending,,Not executed in this round.
TA-096,blocked-verify,standard_local_execution_candidate,no_separate_external_prerequisite_identified,Goal native tool lifecycle,docs/qa/scenarios/TA-096.md,Document-based feasibility estimate; not an executed verdict; Codex Luna xhigh ACP canary still required,J-29,Ada,"compozy__goal_get remains available for a visible origin snapshot and active moved-binding alias through terminal-until-clear; compozy__goal_report exists only for the current prompting binding, revalidates prompt/control/binding identity, co-commits up to 16 KiB evidence with a boundary intent, dedupes retries, and rejects revoked/conflicting reports deterministically; compozy__loop_turns reconstructs terminal audit out of session.",docs/qa/reports/2026-07-28-untested-full.md,/Users/pedronauck/dev/qa-labs/compozy-qa-ta-replay-20260730-062156-531636-lab/qa-artifacts/qa,,CH-untested-035-29-ada,pending,,Not executed in this round.
TA-097,blocked-verify,standard_local_execution_candidate,no_separate_external_prerequisite_identified,Goal CLI turn and origin parity,docs/qa/scenarios/TA-097.md,Document-based feasibility estimate; not an executed verdict; Codex Luna xhigh ACP canary still required,J-29,Ada,"compozy loop turns --run supports node/item/after-seq/limit, JSON matches the HTTP GoalTurnPage, JSONL emits one typed turn per line, and compozy loop runs forwards origin and origin-session filters without workspace leakage.",docs/qa/reports/2026-07-28-untested-full.md,/Users/pedronauck/dev/qa-labs/compozy-qa-ta-replay-20260730-062156-531636-lab/qa-artifacts/qa,,CH-untested-035-29-ada,pending,,Not executed in this round.
TA-098,blocked-verify,standard_local_execution_candidate,no_separate_external_prerequisite_identified,Goal prompt structured result durability,docs/qa/scenarios/TA-098.md,Document-based feasibility estimate; not an executed verdict; Codex Luna xhigh ACP canary still required,J-29,Ada,"Goal prompt commands return the same direct outcome/reason/snapshot body and 200/202/404/409/422 mapping on HTTP, UDS, CLI JSON, and CLI JSONL; disconnect after commit leaves a recoverable Run, while pre-commit failure leaves no partial Run and later queue failure is represented by Run state rather than a racy synchronous 429.",docs/qa/reports/2026-07-28-untested-full.md,/Users/pedronauck/dev/qa-labs/compozy-qa-ta-replay-20260730-062156-531636-lab/qa-artifacts/qa,,CH-untested-035-29-ada,pending,,Not executed in this round.
TA-099,blocked-verify,standard_local_execution_candidate,no_separate_external_prerequisite_identified,Goal session header states,docs/qa/scenarios/TA-099.md,Document-based feasibility estimate; not an executed verdict; Codex Luna xhigh ACP canary still required,J-27,Marina,"The session header renders the newest Goal snapshot with its six-status state, truthful turn limit and context gauge, Run and moved-binding session links, and only the controls allowed by the current live state; unknown and pending context never display a fabricated percentage.",docs/qa/reports/2026-07-28-untested-full.md,/Users/pedronauck/dev/qa-labs/compozy-qa-ta-replay-20260730-062156-531636-lab/qa-artifacts/qa,,CH-untested-032-27-marina-part-1,pending,,Not executed in this round.
TA-101,blocked-verify,standard_local_execution_candidate,no_separate_external_prerequisite_identified,Goal Run turn timeline,docs/qa/scenarios/TA-101.md,Document-based feasibility estimate; not an executed verdict; Codex Luna xhigh ACP canary still required,J-27,Marina,"Goal node cards nest one run-wide ordered timeline that paginates with after_seq, merges live turn events without duplicates, and shows stop reason, nullable verdict, blocking issues, and evidence truthfully across generations and fan-out items.",docs/qa/reports/2026-07-28-untested-full.md,/Users/pedronauck/dev/qa-labs/compozy-qa-ta-replay-20260730-062156-531636-lab/qa-artifacts/qa,,CH-untested-032-27-marina-part-1,pending,docs/qa/evidence/2026-09-10-qa-execution-unblock/goal-history-retake-proof.json,Missing Web history repaired and fresh three-turn live/reload branch passed. Generation/fan-out and more-than-50-row Web pagination remain pending; no full pass.
TA-102,blocked-verify,standard_local_execution_candidate,no_separate_external_prerequisite_identified,Goal block authoring in Loop editor,docs/qa/scenarios/TA-102.md,Document-based feasibility estimate; not an executed verdict; Codex Luna xhigh ACP canary still required,J-27,Bruno,"The Loop editor exposes Goal as a distinct action block with agent, objective, command/agent-judge/extension criteria, max_turns, halt/escalate exhaustion, continuous session mode, pre-submit retry fields, and shared daemon linter errors while preserving all watch-events authoring fields.",docs/qa/reports/2026-07-28-untested-full.md,/Users/pedronauck/dev/qa-labs/compozy-qa-ta-replay-20260730-062156-531636-lab/qa-artifacts/qa,,CH-untested-031-27-bruno,pending,,Not executed in this round.
TA-103,blocked-verify,standard_local_execution_candidate,no_separate_external_prerequisite_identified,Goal Run origin labels and filters,docs/qa/scenarios/TA-103.md,Document-based feasibility estimate; not an executed verdict; Codex Luna xhigh ACP canary still required,J-27,Marina,"The Runs surface labels session-origin Goal Runs and filters by catalog/session origin plus exact origin session id, keeps filter state in the route query, and presents a truthful no-match state without leaking another workspace.",docs/qa/reports/2026-07-28-untested-full.md,/Users/pedronauck/dev/qa-labs/compozy-qa-ta-replay-20260730-062156-531636-lab/qa-artifacts/qa,,CH-untested-032-27-marina-part-1,pending,,Not executed in this round.
TA-104,blocked-verify,standard_local_execution_candidate,no_separate_external_prerequisite_identified,Goal composer replace and draft affordances,docs/qa/scenarios/TA-104.md,Document-based feasibility estimate; not an executed verdict; Codex Luna xhigh ACP canary still required,J-26,Lea,"Structured Goal responses settle outside the AI stream decoder; replace-required and stale results preserve the current snapshot and prefill an exact expected-run replacement command, while streamed drafts prefill an expanded /goal command through the assistant-ui composer store.",docs/qa/reports/2026-07-28-untested-full.md,/Users/pedronauck/dev/qa-labs/compozy-qa-ta-replay-20260730-062156-531636-lab/qa-artifacts/qa,,CH-untested-030-26-lea,pending,,Not executed in this round.
TA-105,blocked-verify,standard_local_execution_candidate,no_separate_external_prerequisite_identified,Goal operational prompt tags,docs/qa/scenarios/TA-105.md,Document-based feasibility estimate; not an executed verdict; Codex Luna xhigh ACP canary still required,J-27,Marina,"Persisted GoalPromptMeta renders work, continuation, and compaction turns as distinct operational transcript tags after live delivery and reload, without inferring the kind from message prose.",docs/qa/reports/2026-07-28-untested-full.md,/Users/pedronauck/dev/qa-labs/compozy-qa-ta-replay-20260730-062156-531636-lab/qa-artifacts/qa,,CH-untested-032-27-marina-part-1,pending,,Not executed in this round.
TA-106,blocked-verify,standard_local_execution_candidate,no_separate_external_prerequisite_identified,Semantic alert variants,docs/qa/scenarios/TA-106.md,Document-based feasibility estimate; not an executed verdict; Codex Luna xhigh ACP canary still required,J-27,Marina,"Warning, success, info, and accent alerts remain distinguishable without an icon by pairing the signal color with a semantic tint surface while preserving readable title and description contrast.",docs/qa/reports/2026-07-28-untested-full.md,/Users/pedronauck/dev/qa-labs/compozy-qa-ta-replay-20260730-062156-531636-lab/qa-artifacts/qa,,CH-untested-033-27-marina-part-2,pending,,Not executed in this round.
TA-107,blocked-verify,standard_local_execution_candidate,no_separate_external_prerequisite_identified,Readable streamed markdown width,docs/qa/scenarios/TA-107.md,Document-based feasibility estimate; not an executed verdict; Codex Luna xhigh ACP canary still required,J-14,Marina,Streamed session markdown defaults to a 72-character reading width for prose and still accepts an explicit caller max-width override; renderer-only AST node props never reach DOM elements.,docs/qa/reports/2026-07-28-untested-full.md,/Users/pedronauck/dev/qa-labs/compozy-qa-ta-replay-20260730-062156-531636-lab/qa-artifacts/qa,,CH-untested-015-14-marina,pending,,Not executed in this round.
TA-action-run-liveness,blocked-verify,conditional_local_preparation,controlled_task_clock_failure_or_race,Keep long-running Loop nodes alive without a hidden clock,docs/qa/scenarios/TA-action-run-liveness.md,Document-based feasibility estimate; not an executed verdict; Codex Luna xhigh ACP canary still required,J-bound-runaway-work,Ada,"A Loop node runs for days when the definition has no timeout, fresh ACP activity, an in-flight tool, or a present transport counts as life, silence only raises a self-clearing attention flag, and only an authored node timeout may end the work by duration.",,/Users/pedronauck/dev/qa-labs/compozy-qa-ta-replay-20260730-062156-531636-lab/qa-artifacts/qa; /Users/pedronauck/dev/qa-labs/compozy-northstar-pay-20260801-135009-390014-lab/qa-artifacts/qa/loop/adjacent-safety-tests.json,,CH-runaway-work-bounded,pending,,Not executed in this round.
TA-automation-crud-loop-target,blocked-verify,standard_local_execution_candidate,no_separate_external_prerequisite_identified,Create update disable and delete Loop-target automations,docs/qa/scenarios/TA-automation-crud-loop-target.md,Document-based feasibility estimate; not an executed verdict; Codex Luna xhigh ACP canary still required,J-24,Bruno,"Job and trigger modals create valid Loop-target definitions, updates survive refresh, write-only webhook secrets are redacted from the request preview, disabled definitions do not fire, re-enabled definitions fire one real Loop run, and deletion removes only the chosen dynamic definition.",docs/qa/reports/2026-07-28-untested-full.md,/Users/pedronauck/dev/qa-labs/compozy-automation-features-20260713-20260713-044543-173594-lab/qa-artifacts/qa/screenshots/ch-automation-loop-job-target-fixed.dom.txt;/Users/pedronauck/dev/qa-labs/compozy-automation-features-20260713-20260713-044543-173594-lab/qa-artifacts/qa/screenshots/ch-automation-loop-job-history-fixed.dom.txt;/Users/pedronauck/dev/qa-labs/compozy-automation-features-20260713-20260713-044543-173594-lab/qa-artifacts/qa/screenshots/ch-automation-job-delete-confirmation-fixed.dom.txt;/Users/pedronauck/dev/qa-labs/compozy-automation-features-20260713-20260713-044543-173594-lab/qa-artifacts/qa/screenshots/ch-automation-trigger-workspace-loop-fixed-created-final.dom.txt;/Users/pedronauck/dev/qa-labs/compozy-automation-features-20260713-20260713-044543-173594-lab/qa-artifacts/qa/screenshots/ch-trigger-system-stop-dispatch.dom.txt;/Users/pedronauck/dev/qa-labs/compozy-automation-features-20260713-20260713-044543-173594-lab/qa-artifacts/qa/screenshots/trigger-loop-generation-zero-dispatch.dom.txt;/Users/pedronauck/dev/qa-labs/compozy-automation-features-20260713-20260713-044543-173594-lab/qa-artifacts/qa/screenshots/trigger-deleted-after-generation-zero-proof.dom.txt;/Users/pedronauck/dev/qa-labs/compozy-automation-features-post-onboarding-fix-20260713-20260713-203513-816377-lab/qa-artifacts/qa/screenshots/trigger-loop-generation-zero-replay-0714.dom.txt;/Users/pedronauck/dev/qa-labs/compozy-qa-ta-replay-20260730-062156-531636-lab/qa-artifacts/qa,BUG-20260713-loop-automation-shown-as-agent;BUG-20260713-loop-automation-start-mismatch-late;BUG-20260713-automation-delete-no-confirmation;BUG-20260713-workspace-trigger-loop-submit-inert;BUG-20260713-loop-watch-poll-error-stuck,CH-automation-crud-loop-target,pending,,Not executed in this round.
TA-automation-suggestions,blocked-verify,standard_local_execution_candidate,no_separate_external_prerequisite_identified,Review and resolve consent-first automation suggestions,docs/qa/scenarios/TA-automation-suggestions.md,Document-based feasibility estimate; not an executed verdict; Codex Luna xhigh ACP canary still required,J-24,Bruno,"A fresh workspace lists 3–5 workspace-owned pending Job proposals up to the positive configured cap; Create job accepts exactly one proposal through normal Job validation and the lifecycle-command guard, persists a schedulable dynamic Job, and removes the proposal; Dismiss durably latches another proposal across reload; no suggestion crosses workspace boundaries.",docs/qa/reports/2026-07-28-untested-full.md,`internal/automation/suggestion_catalog.go`; `internal/automation/manager_suggestion.go`; `internal/store/globaldb/global_db_automation_suggestions.go`; `web/src/systems/automation`;/Users/pedronauck/dev/qa-labs/compozy-qa-ta-replay-20260730-062156-531636-lab/qa-artifacts/qa,,CH-suggestions-consent,pending,,Not executed in this round.
TA-loop-failure-breaker,blocked-verify,conditional_local_preparation,controlled_task_clock_failure_or_race,Bound an unbounded failing Loop watch,docs/qa/scenarios/TA-loop-failure-breaker.md,Document-based feasibility estimate; not an executed verdict; Codex Luna xhigh ACP canary still required,J-bound-runaway-work,Ada,"An unbounded watch with consecutive failed generations stops at the circuit-breaker backstop, while a healthy watch remains active and ordinary repeated node failures quarantine instead of ending the run.",docs/qa/reports/2026-08-18-graph-eng.md,/Users/pedronauck/dev/qa-labs/compozy-qa-ta-replay-20260730-062156-531636-lab/qa-artifacts/qa; /Users/pedronauck/dev/qa-labs/compozy-northstar-pay-20260801-135009-390014-lab/qa-artifacts/qa/loop/adjacent-safety-tests.json,,CH-loop-quarantine-repair;CH-runaway-work-bounded,pending,,Not executed in this round.
TA-parent-rollup-completion,blocked-verify,standard_local_execution_candidate,no_separate_external_prerequisite_identified,Complete a parent when every child completes,docs/qa/scenarios/TA-parent-rollup-completion.md,Document-based feasibility estimate; not an executed verdict; Codex Luna xhigh ACP canary still required,J-complete-task-tree,Bruno,"Completing the final child transitions the parent task to completed exactly once, while completing an earlier child leaves the parent non-terminal; the rollup is visible after refresh through Web and structured surfaces.",docs/qa/reports/2026-07-28-untested-full.md,/Users/pedronauck/dev/qa-labs/compozy-consumer-saas-growth-20260714-194637-422214-lab/qa-artifacts/qa/task-rollup/; /Users/pedronauck/dev/qa-labs/compozy-consumer-saas-growth-20260714-194637-422214-lab/qa-artifacts/qa/screenshots/task-parent-rollup-completed.png;/Users/pedronauck/dev/qa-labs/compozy-qa-ta-replay-20260730-062156-531636-lab/qa-artifacts/qa,BUG-20260713-parent-task-rollup-missing; BUG-20260713-needs-attention-recovery-hidden; BUG-20260713-task-owner-cannot-clear; BUG-20260713-task-role-dispatch-repeats; BUG-20260713-task-role-session-never-starts,CH-task-tree-loop-rollup,pending,,Not executed in this round.
TA-schedule-catchup-overlap,blocked-verify,conditional_local_preparation,controlled_task_clock_failure_or_race,Recover one scheduled fire without overlap,docs/qa/scenarios/TA-schedule-catchup-overlap.md,Document-based feasibility estimate; not an executed verdict; Codex Luna xhigh ACP canary still required,J-24,Bruno,"Restart downtime under run_once_on_catchup dispatches one latest missed fire; skip_missed beyond grace and an overlapping active run persist canceled history rows with misfire_grace_exceeded or self_overlap, and the next cycle remains eligible.",docs/qa/reports/2026-07-28-untested-full.md,/Users/pedronauck/dev/qa-labs/compozy-qa-ta-replay-20260730-062156-531636-lab/qa-artifacts/qa,,CH-schedule-recovery-guard,pending,,Not executed in this round.
TA-task-create-async-activation,blocked-verify,standard_local_execution_candidate,no_separate_external_prerequisite_identified,Create a ready Task without waiting for worker provisioning,docs/qa/scenarios/TA-task-create-async-activation.md,Document-based feasibility estimate; not an executed verdict; Codex Luna xhigh ACP canary still required,J-complete-task-tree,Bruno,Creating a ready Task assigned to an agent pool commits and opens its Task detail immediately; sandbox and ACP provisioning continue under daemon ownership while the same run transitions waiting to running to terminal exactly once.,docs/qa/reports/2026-07-28-untested-full.md,docs/qa/reports/2026-07-13-automation-features.md;/Users/pedronauck/dev/qa-labs/compozy-qa-ta-replay-20260730-062156-531636-lab/qa-artifacts/qa,BUG-20260714-task-create-waits-for-worker-session,CH-untested-051-complete-task-tree-bruno,pending,,Not executed in this round.
TA-task-run-cost-provenance,blocked-verify,standard_local_execution_candidate,no_separate_external_prerequisite_identified,Task run summary preserves truthful cost provenance,docs/qa/scenarios/TA-task-run-cost-provenance.md,Document-based feasibility estimate; not an executed verdict; Codex Luna xhigh ACP canary still required,J-24,Bruno,"Task run detail and `compozy task run show` agree on actual, exact five-bucket estimated, included, or unknown aggregate cost provenance; a missing active-bucket rate, included/unknown states, or incompatible child-session provenance fails closed without an amount.",docs/qa/reports/2026-07-28-untested-full.md,/Users/pedronauck/dev/qa-labs/compozy-qa-ta-replay-20260730-062156-531636-lab/qa-artifacts/qa,,CH-truthful-cost-provenance;CH-untested-valid-010-24-bruno,pending,,Not executed in this round.
TA-task-wake-dedup,blocked-verify,conditional_local_preparation,controlled_task_clock_failure_or_race,Deliver one creator wake after cache eviction,docs/qa/scenarios/TA-task-wake-dedup.md,Document-based feasibility estimate; not an executed verdict; Codex Luna xhigh ACP canary still required,J-operate-bounded-task-capacity,Ada,A repeated task creator wake_event_id delivers once after cache eviction or daemon restart even with a large unrelated event history; the authoritative lookup is task-scoped and never suppresses a different task or wake identity.,docs/qa/reports/2026-07-28-untested-full.md,/Users/pedronauck/dev/qa-labs/compozy-qa-ta-replay-20260730-062156-531636-lab/qa-artifacts/qa,,CH-wake-dedup-stress,pending,,Not executed in this round.
TA-terminal-run-inspect,blocked-verify,standard_local_execution_candidate,no_separate_external_prerequisite_identified,Keep terminal task-run diagnostics terminal,docs/qa/scenarios/TA-terminal-run-inspect.md,Document-based feasibility estimate; not an executed verdict; Codex Luna xhigh ACP canary still required,J-complete-task-tree,Bruno,A completed or otherwise terminal run never emits an active orphan diagnostic or a release recovery command merely because its formerly bound session is terminal.,docs/qa/reports/2026-07-28-untested-full.md,/Users/pedronauck/dev/qa-labs/compozy-automation-features-post-onboarding-fix-20260713-20260713-203513-816377-lab/qa-artifacts/qa/screenshots/compozy71-faithful-child-b-one-run.dom.txt;/Users/pedronauck/dev/qa-labs/compozy-automation-features-post-onboarding-fix-20260713-20260713-203513-816377-lab/qa-artifacts/qa/screenshots/terminal-task-run-no-orphan-fixed.dom.txt;/Users/pedronauck/dev/qa-labs/compozy-qa-ta-replay-20260730-062156-531636-lab/qa-artifacts/qa,BUG-20260714-terminal-task-run-reported-orphan,CH-untested-051-complete-task-tree-bruno,pending,,Not executed in this round.
TA-web-task-detail-redesign,blocked-verify,standard_local_execution_candidate,no_separate_external_prerequisite_identified,Task detail 3-tab IA with command-state head,docs/qa/scenarios/TA-web-task-detail-redesign.md,Document-based feasibility estimate; not an executed verdict; Codex Luna xhigh ACP canary still required,J-complete-task-tree,Bruno,"Task detail renders Overview/Runs/Activity tabs with the 44px drill-in head (back, Tasks / <task> trail, status pill, one primary action from the §6 command machine — recover > publish > approve > resume > open run > retry > start — plus overflow verbs), an outcome/now strip matching the task state, subtasks with stacked progress, the 320px properties rail (priority + auto-enqueue editable; owner read-only), and the Inspect drawer (Diagnostics/Stream/Bridges/Raw). Nullable metrics render ""—""; no set-status or delete-run control exists anywhere.",docs/qa/reports/2026-07-28-untested-full.md,/Users/pedronauck/dev/qa-labs/compozy-qa-ta-replay-20260730-062156-531636-lab/qa-artifacts/qa,,CH-untested-051-complete-task-tree-bruno,pending,,Not executed in this round.
TA-workspace-run-capacity,blocked-verify,conditional_local_preparation,controlled_task_clock_failure_or_race,Defer and drain workspace runs at the active-run limit,docs/qa/scenarios/TA-workspace-run-capacity.md,Document-based feasibility estimate; not an executed verdict; Codex Luna xhigh ACP canary still required,J-operate-bounded-task-capacity,Ada,"A full workspace returns typed capacity deferral while preserving queued work, other workspaces plus global and Network wake work remain claimable, and the deferred run claims when capacity opens.",docs/qa/reports/2026-07-28-untested-full.md,/Users/pedronauck/dev/qa-labs/compozy-qa-ta-replay-20260730-062156-531636-lab/qa-artifacts/qa,,CH-workspace-run-capacity,pending,,Not executed in this round.
